select current_database(),current_schema;

create schema data_standard;

set search_path to data_standard;

CREATE TABLE ds_std_hierarchy (
	ds_hierarchy_id int8 NOT NULL, -- 数据标准体系标识
	cn_name varchar(500) NOT NULL, -- 中文名称
	hierarchy_type_cd varchar(30) NOT NULL, -- 体系类型代码
	hierarchy_show_cd varchar(30) NOT NULL, -- 体系展现代码
	tenant_id int8 NOT NULL, -- 租户标识
	if_delete varchar(1) NOT NULL, -- 是否删除记录
	creator int8 NOT NULL, -- 记录创建人
	create_tm timestamp NOT NULL, -- 记录创建时间
	modifier int8 NOT NULL, -- 记录修改人
	modify_tm timestamp NOT NULL, -- 记录修改时间
	cn_abbr varchar(500) NOT NULL DEFAULT ''::character varying, -- 中文简称
	en_name varchar(500) NOT NULL DEFAULT ''::character varying, -- 英文名称
	en_abbr varchar(500) NOT NULL DEFAULT ''::character varying, -- 英文简称
	"describe" text NOT NULL DEFAULT ''::text, -- 描述
	CONSTRAINT ds_std_hierarchy_pkey PRIMARY KEY (ds_hierarchy_id)
);
COMMENT ON TABLE ds_std_hierarchy IS '标准体系';

-- Column comments

COMMENT ON COLUMN ds_std_hierarchy.ds_hierarchy_id IS '数据标准体系标识';
COMMENT ON COLUMN ds_std_hierarchy.cn_name IS '中文名称';
COMMENT ON COLUMN ds_std_hierarchy.hierarchy_type_cd IS '体系类型代码';
COMMENT ON COLUMN ds_std_hierarchy.hierarchy_show_cd IS '体系展现代码';
COMMENT ON COLUMN ds_std_hierarchy.tenant_id IS '租户标识';
COMMENT ON COLUMN ds_std_hierarchy.if_delete IS '是否删除记录';
COMMENT ON COLUMN ds_std_hierarchy.creator IS '记录创建人';
COMMENT ON COLUMN ds_std_hierarchy.create_tm IS '记录创建时间';
COMMENT ON COLUMN ds_std_hierarchy.modifier IS '记录修改人';
COMMENT ON COLUMN ds_std_hierarchy.modify_tm IS '记录修改时间';
COMMENT ON COLUMN ds_std_hierarchy.cn_abbr IS '中文简称';
COMMENT ON COLUMN ds_std_hierarchy.en_name IS '英文名称';
COMMENT ON COLUMN ds_std_hierarchy.en_abbr IS '英文简称';
COMMENT ON COLUMN ds_std_hierarchy."describe" IS '描述';



-- ds_std_category definition

-- Drop table

-- DROP TABLE ds_std_category;

CREATE TABLE ds_std_category (
	ds_category_id int8 NOT NULL, -- 数据标准类目标识
	ds_hierarchy_id int8 NOT NULL, -- 数据标准体系标识
	category_num varchar(64) NOT NULL, -- 类目编码
	cn_name varchar(500) NOT NULL, -- 中文名称
	en_name varchar(500) NOT NULL, -- 英文名称
	en_abbr varchar(500) NOT NULL, -- 英文简称
	parent_dgov_category_id int8 NOT NULL, -- 上级数据治理类目标识
	"level" int4 NOT NULL, -- 层级
	seq_num int4 NOT NULL, -- 序号
	"describe" varchar(500) NOT NULL, -- 描述
	preorder_dgov_category_id int8 NULL, -- 前序数据治理类目标识
	follow_dgov_category_id int8 NULL, -- 后继数据治理类目标识
	tenant_id int8 NOT NULL, -- 租户标识
	if_delete varchar(1) NOT NULL, -- 是否删除记录
	creator int8 NOT NULL, -- 记录创建人
	create_tm timestamp NOT NULL, -- 记录创建时间
	modifier int8 NOT NULL, -- 记录修改人
	modify_tm timestamp NOT NULL, -- 记录修改时间
	cn_abbr varchar(500) NULL, -- 中文缩写
	biz_sys_id int8 NULL, -- 业务系统标识
	CONSTRAINT ds_std_category_pkey PRIMARY KEY (ds_category_id)
);
COMMENT ON TABLE ds_std_category IS '标准类目';

-- Column comments

COMMENT ON COLUMN ds_std_category.ds_category_id IS '数据标准类目标识';
COMMENT ON COLUMN ds_std_category.ds_hierarchy_id IS '数据标准体系标识';
COMMENT ON COLUMN ds_std_category.category_num IS '类目编码';
COMMENT ON COLUMN ds_std_category.cn_name IS '中文名称';
COMMENT ON COLUMN ds_std_category.en_name IS '英文名称';
COMMENT ON COLUMN ds_std_category.en_abbr IS '英文简称';
COMMENT ON COLUMN ds_std_category.parent_dgov_category_id IS '上级数据治理类目标识';
COMMENT ON COLUMN ds_std_category."level" IS '层级';
COMMENT ON COLUMN ds_std_category.seq_num IS '序号';
COMMENT ON COLUMN ds_std_category."describe" IS '描述';
COMMENT ON COLUMN ds_std_category.preorder_dgov_category_id IS '前序数据治理类目标识';
COMMENT ON COLUMN ds_std_category.follow_dgov_category_id IS '后继数据治理类目标识';
COMMENT ON COLUMN ds_std_category.tenant_id IS '租户标识';
COMMENT ON COLUMN ds_std_category.if_delete IS '是否删除记录';
COMMENT ON COLUMN ds_std_category.creator IS '记录创建人';
COMMENT ON COLUMN ds_std_category.create_tm IS '记录创建时间';
COMMENT ON COLUMN ds_std_category.modifier IS '记录修改人';
COMMENT ON COLUMN ds_std_category.modify_tm IS '记录修改时间';
COMMENT ON COLUMN ds_std_category.cn_abbr IS '中文缩写';
COMMENT ON COLUMN ds_std_category.biz_sys_id IS '业务系统标识';


-- ds_pub_cd_std definition

-- Drop table

-- DROP TABLE ds_pub_cd_std;

CREATE TABLE ds_pub_cd_std (
	pub_cd_std_id int8 NOT NULL, -- 公共代码标准标识
	std_num varchar(500) NOT NULL, -- 标准编号
	cn_name varchar(500) NOT NULL, -- 中文名称
	cn_abbr varchar(500) NOT NULL, -- 中文简称
	en_name varchar(500) NOT NULL, -- 英文名称
	en_abbr varchar(500) NOT NULL, -- 英文简称
	alias varchar(50) NOT NULL, -- 别名
	datatype_cd varchar(30) NOT NULL, -- 数据类型代码
	data_len int8 NOT NULL, -- 数据长度
	data_scale int8 NOT NULL, -- 数据精度
	num_rule varchar(2000) NOT NULL, -- 编码规则
	biz_def varchar(2000) NOT NULL, -- 业务定义
	biz_charge jsonb NULL, -- 业务负责
	tech_charge jsonb NULL, -- 技术负责
	mgmt_charge jsonb NULL, -- 管理负责
	secu_grade_cd varchar(30) NOT NULL, -- 安全等级代码
	important_grade_cd varchar(30) NOT NULL, -- 重要等级代码
	refer_std_name varchar(500) NOT NULL, -- 参考标准名称
	ext_meta_module_json jsonb NOT NULL, -- 扩展元模型JSON
	edit_status_cd varchar(30) NOT NULL, -- 编辑状态代码
	edit_user_id int8 NOT NULL, -- 编辑用户标识
	tenant_id int8 NOT NULL, -- 租户标识
	if_delete varchar(1) NOT NULL, -- 是否删除记录
	creator int8 NOT NULL, -- 记录创建人
	create_tm timestamp NOT NULL, -- 记录创建时间
	modifier int8 NOT NULL, -- 记录修改人
	modify_tm timestamp NOT NULL, -- 记录修改时间
	ext_meta_module_def_id int8 NOT NULL, -- 扩展元模型定义标识
	ds_category_id int8 NOT NULL, -- 数据标准类目标识
	switch_status_cd varchar(30) NULL, -- 启停状态代码
	"describe" text NOT NULL DEFAULT ''::text, -- 描述
	reference_pub_cd_std_id int8 NULL, -- 引用公共代码标准标识
	mgmt_auth jsonb NULL, -- 管理权限
	edit_auth jsonb NULL, -- 编辑权限
	biz_sys_id int8 NULL, -- 业务系统标识
	code_val_type_cd varchar(30) NULL, -- 码值类型代码
	code_table_name varchar(500) NULL, -- 码表名称
	code_val text NULL, -- 码值
	code_val_explain text NULL, -- 码值说明
	remark varchar(2000) NULL, -- 备注
	CONSTRAINT ds_pub_cd_std_pkey PRIMARY KEY (pub_cd_std_id)
);
COMMENT ON TABLE ds_pub_cd_std IS '公共代码标准';

-- Column comments

COMMENT ON COLUMN ds_pub_cd_std.pub_cd_std_id IS '公共代码标准标识';
COMMENT ON COLUMN ds_pub_cd_std.std_num IS '标准编号';
COMMENT ON COLUMN ds_pub_cd_std.cn_name IS '中文名称';
COMMENT ON COLUMN ds_pub_cd_std.cn_abbr IS '中文简称';
COMMENT ON COLUMN ds_pub_cd_std.en_name IS '英文名称';
COMMENT ON COLUMN ds_pub_cd_std.en_abbr IS '英文简称';
COMMENT ON COLUMN ds_pub_cd_std.alias IS '别名';
COMMENT ON COLUMN ds_pub_cd_std.datatype_cd IS '数据类型代码';
COMMENT ON COLUMN ds_pub_cd_std.data_len IS '数据长度';
COMMENT ON COLUMN ds_pub_cd_std.data_scale IS '数据精度';
COMMENT ON COLUMN ds_pub_cd_std.num_rule IS '编码规则';
COMMENT ON COLUMN ds_pub_cd_std.biz_def IS '业务定义';
COMMENT ON COLUMN ds_pub_cd_std.biz_charge IS '业务负责';
COMMENT ON COLUMN ds_pub_cd_std.tech_charge IS '技术负责';
COMMENT ON COLUMN ds_pub_cd_std.mgmt_charge IS '管理负责';
COMMENT ON COLUMN ds_pub_cd_std.secu_grade_cd IS '安全等级代码';
COMMENT ON COLUMN ds_pub_cd_std.important_grade_cd IS '重要等级代码';
COMMENT ON COLUMN ds_pub_cd_std.refer_std_name IS '参考标准名称';
COMMENT ON COLUMN ds_pub_cd_std.ext_meta_module_json IS '扩展元模型JSON';
COMMENT ON COLUMN ds_pub_cd_std.edit_status_cd IS '编辑状态代码';
COMMENT ON COLUMN ds_pub_cd_std.edit_user_id IS '编辑用户标识';
COMMENT ON COLUMN ds_pub_cd_std.tenant_id IS '租户标识';
COMMENT ON COLUMN ds_pub_cd_std.if_delete IS '是否删除记录';
COMMENT ON COLUMN ds_pub_cd_std.creator IS '记录创建人';
COMMENT ON COLUMN ds_pub_cd_std.create_tm IS '记录创建时间';
COMMENT ON COLUMN ds_pub_cd_std.modifier IS '记录修改人';
COMMENT ON COLUMN ds_pub_cd_std.modify_tm IS '记录修改时间';
COMMENT ON COLUMN ds_pub_cd_std.ext_meta_module_def_id IS '扩展元模型定义标识';
COMMENT ON COLUMN ds_pub_cd_std.ds_category_id IS '数据标准类目标识';
COMMENT ON COLUMN ds_pub_cd_std.switch_status_cd IS '启停状态代码';
COMMENT ON COLUMN ds_pub_cd_std."describe" IS '描述';
COMMENT ON COLUMN ds_pub_cd_std.reference_pub_cd_std_id IS '引用公共代码标准标识';
COMMENT ON COLUMN ds_pub_cd_std.mgmt_auth IS '管理权限';
COMMENT ON COLUMN ds_pub_cd_std.edit_auth IS '编辑权限';
COMMENT ON COLUMN ds_pub_cd_std.biz_sys_id IS '业务系统标识';
COMMENT ON COLUMN ds_pub_cd_std.code_val_type_cd IS '码值类型代码';
COMMENT ON COLUMN ds_pub_cd_std.code_table_name IS '码表名称';
COMMENT ON COLUMN ds_pub_cd_std.code_val IS '码值';
COMMENT ON COLUMN ds_pub_cd_std.code_val_explain IS '码值说明';
COMMENT ON COLUMN ds_pub_cd_std.remark IS '备注';



-- ds_pub_cd_detail definition

-- Drop table

-- DROP TABLE ds_pub_cd_detail;

CREATE TABLE ds_pub_cd_detail (
	pub_cd_detail_id int8 NOT NULL, -- 公共代码明细标识
	pub_cd_std_id int8 NOT NULL, -- 公共代码标准标识
	value_num varchar(64) NOT NULL, -- 取值编码
	cn_name varchar(500) NOT NULL, -- 中文名称
	en_name varchar(500) NOT NULL, -- 英文名称
	"describe" varchar(2000) NOT NULL, -- 描述
	parent_pub_cd_detail_id int8 NOT NULL, -- 上级公共代码明细标识
	tenant_id int8 NOT NULL, -- 租户标识
	if_delete varchar(1) NOT NULL, -- 是否删除记录
	creator int8 NOT NULL, -- 记录创建人
	create_tm timestamp NOT NULL, -- 记录创建时间
	modifier int8 NOT NULL, -- 记录修改人
	modify_tm timestamp NOT NULL, -- 记录修改时间
	cn_abbr varchar(500) NOT NULL DEFAULT ''::character varying, -- 中文简称
	en_abbr varchar(500) NOT NULL DEFAULT ''::character varying, -- 英文简称
	CONSTRAINT ds_pub_cd_detail_pkey PRIMARY KEY (pub_cd_detail_id)
);
COMMENT ON TABLE ds_pub_cd_detail IS '公共代码明细';

-- Column comments

COMMENT ON COLUMN ds_pub_cd_detail.pub_cd_detail_id IS '公共代码明细标识';
COMMENT ON COLUMN ds_pub_cd_detail.pub_cd_std_id IS '公共代码标准标识';
COMMENT ON COLUMN ds_pub_cd_detail.value_num IS '取值编码';
COMMENT ON COLUMN ds_pub_cd_detail.cn_name IS '中文名称';
COMMENT ON COLUMN ds_pub_cd_detail.en_name IS '英文名称';
COMMENT ON COLUMN ds_pub_cd_detail."describe" IS '描述';
COMMENT ON COLUMN ds_pub_cd_detail.parent_pub_cd_detail_id IS '上级公共代码明细标识';
COMMENT ON COLUMN ds_pub_cd_detail.tenant_id IS '租户标识';
COMMENT ON COLUMN ds_pub_cd_detail.if_delete IS '是否删除记录';
COMMENT ON COLUMN ds_pub_cd_detail.creator IS '记录创建人';
COMMENT ON COLUMN ds_pub_cd_detail.create_tm IS '记录创建时间';
COMMENT ON COLUMN ds_pub_cd_detail.modifier IS '记录修改人';
COMMENT ON COLUMN ds_pub_cd_detail.modify_tm IS '记录修改时间';
COMMENT ON COLUMN ds_pub_cd_detail.cn_abbr IS '中文简称';
COMMENT ON COLUMN ds_pub_cd_detail.en_abbr IS '英文简称';



INSERT INTO ds_std_hierarchy (ds_hierarchy_id, cn_name, hierarchy_type_cd, hierarchy_show_cd, tenant_id, if_delete, creator, create_tm, modifier, modify_tm, cn_abbr, en_name, en_abbr, "describe") VALUES (241024498575364152, '基础标准', 'base_std', '基础标准', 1, '0', 1533642897907507201, '2024-06-04 10:25:18.477939', 1533642897907507201, '2024-06-04 10:25:18.477939', '', '', '', '');
INSERT INTO ds_std_hierarchy (ds_hierarchy_id, cn_name, hierarchy_type_cd, hierarchy_show_cd, tenant_id, if_delete, creator, create_tm, modifier, modify_tm, cn_abbr, en_name, en_abbr, "describe") VALUES (241025472937349177, '公共代码', 'pub_cd', '公共代码', 1, '0', 1533642897907507201, '2024-06-04 10:29:10.784528', 1533642897907507201, '2024-06-04 10:29:10.784528', '', '', '', '');
INSERT INTO ds_std_hierarchy (ds_hierarchy_id, cn_name, hierarchy_type_cd, hierarchy_show_cd, tenant_id, if_delete, creator, create_tm, modifier, modify_tm, cn_abbr, en_name, en_abbr, "describe") VALUES (241027365503782971, '指标标准', 'index_std', '指标标准', 1, '0', 1533642897907507201, '2024-06-04 10:36:42.003611', 1533642897907507201, '2024-06-04 10:36:42.003611', '', '', '', '');
INSERT INTO ds_std_hierarchy (ds_hierarchy_id, cn_name, hierarchy_type_cd, hierarchy_show_cd, tenant_id, if_delete, creator, create_tm, modifier, modify_tm, cn_abbr, en_name, en_abbr, "describe") VALUES (241027705947050044, '维度标准', 'dim_std', '维度标准', 1, '0', 1533642897907507201, '2024-06-04 10:38:03.171460', 1533642897907507201, '2024-06-04 10:38:03.171460', '', '', '', '');
INSERT INTO ds_std_hierarchy (ds_hierarchy_id, cn_name, hierarchy_type_cd, hierarchy_show_cd, tenant_id, if_delete, creator, create_tm, modifier, modify_tm, cn_abbr, en_name, en_abbr, "describe") VALUES (241030321498247229, '业务对象', 'bs_obj', '业务对象', 1, '0', 1533642897907507201, '2024-06-04 10:48:26.771630', 1533642897907507201, '2024-06-04 10:48:26.771630', '', 'yw', '', '');
INSERT INTO ds_std_hierarchy (ds_hierarchy_id, cn_name, hierarchy_type_cd, hierarchy_show_cd, tenant_id, if_delete, creator, create_tm, modifier, modify_tm, cn_abbr, en_name, en_abbr, "describe") VALUES (241030674218242110, '业务术语', 'term', '业务术语', 1, '0', 1533642897907507201, '2024-06-04 10:49:50.867222', 1533642897907507201, '2024-06-04 10:49:50.867222', '', '', '', '');
INSERT INTO ds_std_hierarchy (ds_hierarchy_id, cn_name, hierarchy_type_cd, hierarchy_show_cd, tenant_id, if_delete, creator, create_tm, modifier, modify_tm, cn_abbr, en_name, en_abbr, "describe") VALUES (241031047561629759, '命名规则', 'name_rule', '命名规则', 1, '0', 1533642897907507201, '2024-06-04 10:51:19.879026', 1533642897907507201, '2024-06-04 10:51:19.879026', '', '', '', '');
INSERT INTO ds_std_hierarchy (ds_hierarchy_id, cn_name, hierarchy_type_cd, hierarchy_show_cd, tenant_id, if_delete, creator, create_tm, modifier, modify_tm, cn_abbr, en_name, en_abbr, "describe") VALUES (243618717710177950, '2', 'bs_obj', '业务对象', 1, '0', 1533642897907507201, '2024-06-11 14:13:48.518736', 1533642897907507201, '2024-06-11 14:13:48.518736', '', '22', '', '');


INSERT INTO ds_std_category (ds_category_id, ds_hierarchy_id, category_num, cn_name, en_name, en_abbr, parent_dgov_category_id, level, seq_num, "describe", preorder_dgov_category_id, follow_dgov_category_id, tenant_id, if_delete, creator, create_tm, modifier, modify_tm, cn_abbr, biz_sys_id) VALUES (763708631161114624, 241024498575364152, '', '基础标准', '', '', -1, -1, 0, '', null, null, 1, '0', 1533642897907507201, '2024-06-04 10:25:26.783187', 1533642897907507201, '2024-06-04 10:27:22.743446', '', null);
INSERT INTO ds_std_category (ds_category_id, ds_hierarchy_id, category_num, cn_name, en_name, en_abbr, parent_dgov_category_id, level, seq_num, "describe", preorder_dgov_category_id, follow_dgov_category_id, tenant_id, if_delete, creator, create_tm, modifier, modify_tm, cn_abbr, biz_sys_id) VALUES (763711840390877184, 241027705947050044, '', '维度标准', '', '', -1, -1, 0, '', null, null, 1, '0', 1533642897907507201, '2024-06-04 10:38:11.927621', 1533642897907507201, '2024-06-04 10:38:11.927621', '', null);
INSERT INTO ds_std_category (ds_category_id, ds_hierarchy_id, category_num, cn_name, en_name, en_abbr, parent_dgov_category_id, level, seq_num, "describe", preorder_dgov_category_id, follow_dgov_category_id, tenant_id, if_delete, creator, create_tm, modifier, modify_tm, cn_abbr, biz_sys_id) VALUES (763714613081673728, 241030321498247229, '', '标签', '', '', -1, -1, 0, '', null, null, 1, '0', 1533642897907507201, '2024-06-04 10:49:12.987533', 1533642897907507201, '2024-06-04 10:49:12.987533', '', null);
INSERT INTO ds_std_category (ds_category_id, ds_hierarchy_id, category_num, cn_name, en_name, en_abbr, parent_dgov_category_id, level, seq_num, "describe", preorder_dgov_category_id, follow_dgov_category_id, tenant_id, if_delete, creator, create_tm, modifier, modify_tm, cn_abbr, biz_sys_id) VALUES (763715196891041792, 241031047561629759, '', '命名规则', '', '', -1, -1, 0, '', null, null, 1, '0', 1533642897907507201, '2024-06-04 10:51:32.175803', 1533642897907507201, '2024-06-04 10:51:32.175803', '', null);
INSERT INTO ds_std_category (ds_category_id, ds_hierarchy_id, category_num, cn_name, en_name, en_abbr, parent_dgov_category_id, level, seq_num, "describe", preorder_dgov_category_id, follow_dgov_category_id, tenant_id, if_delete, creator, create_tm, modifier, modify_tm, cn_abbr, biz_sys_id) VALUES (763717886488481792, 241031047561629759, '', '规则', '', '', 763715196891041792, -1, 0, '', null, null, 1, '0', 1533642897907507201, '2024-06-04 11:02:13.430720', 1533642897907507201, '2024-06-04 11:02:13.430720', '', null);
INSERT INTO ds_std_category (ds_category_id, ds_hierarchy_id, category_num, cn_name, en_name, en_abbr, parent_dgov_category_id, level, seq_num, "describe", preorder_dgov_category_id, follow_dgov_category_id, tenant_id, if_delete, creator, create_tm, modifier, modify_tm, cn_abbr, biz_sys_id) VALUES (771392155011911680, 241025472937349177, '', '税收收入构成', '', '', 763709620240912384, -1, 2, '', null, null, 1, '1', 1533642897907507201, '2024-06-25 15:17:01.604883', 1533642897907507201, '2024-06-25 16:31:27.239091', '', null);
INSERT INTO ds_std_category (ds_category_id, ds_hierarchy_id, category_num, cn_name, en_name, en_abbr, parent_dgov_category_id, level, seq_num, "describe", preorder_dgov_category_id, follow_dgov_category_id, tenant_id, if_delete, creator, create_tm, modifier, modify_tm, cn_abbr, biz_sys_id) VALUES (763709620240912384, 241025472937349177, '', '数据标准', '', '', -1, -1, 0, '', null, null, 1, '0', 1533642897907507201, '2024-06-04 10:29:22.597024', 1533642897907507201, '2024-06-20 18:41:52.378039', '', null);
INSERT INTO ds_std_category (ds_category_id, ds_hierarchy_id, category_num, cn_name, en_name, en_abbr, parent_dgov_category_id, level, seq_num, "describe", preorder_dgov_category_id, follow_dgov_category_id, tenant_id, if_delete, creator, create_tm, modifier, modify_tm, cn_abbr, biz_sys_id) VALUES (769939882826141696, 241024498575364152, '', '事件', '', '', 763708631161114624, -1, 2, '', null, null, 1, '0', 1533642897907507201, '2024-06-21 15:06:12.948322', 1533642897907507201, '2024-06-27 17:12:05.240184', '', null);
INSERT INTO ds_std_category (ds_category_id, ds_hierarchy_id, category_num, cn_name, en_name, en_abbr, parent_dgov_category_id, level, seq_num, "describe", preorder_dgov_category_id, follow_dgov_category_id, tenant_id, if_delete, creator, create_tm, modifier, modify_tm, cn_abbr, biz_sys_id) VALUES (769632349712420864, 241025472937349177, '', '税收收入', '', '', 769631658658893824, -1, 0, '', null, null, 1, '0', 1533642897907507201, '2024-06-20 18:44:11.348191', 1533642897907507201, '2024-06-20 18:44:11.348191', '', null);
INSERT INTO ds_std_category (ds_category_id, ds_hierarchy_id, category_num, cn_name, en_name, en_abbr, parent_dgov_category_id, level, seq_num, "describe", preorder_dgov_category_id, follow_dgov_category_id, tenant_id, if_delete, creator, create_tm, modifier, modify_tm, cn_abbr, biz_sys_id) VALUES (769635437991038976, 241025472937349177, '', '增值税', '', '', 769632349712420864, -1, 1, '', null, null, 1, '0', 1533642897907507201, '2024-06-20 18:56:27.633267', 1533642897907507201, '2024-06-20 18:56:37.949107', '', null);
INSERT INTO ds_std_category (ds_category_id, ds_hierarchy_id, category_num, cn_name, en_name, en_abbr, parent_dgov_category_id, level, seq_num, "describe", preorder_dgov_category_id, follow_dgov_category_id, tenant_id, if_delete, creator, create_tm, modifier, modify_tm, cn_abbr, biz_sys_id) VALUES (769635598033096704, 241025472937349177, '', '消费税', '', '', 769632349712420864, -1, 2, '', null, null, 1, '0', 1533642897907507201, '2024-06-20 18:57:05.788058', 1533642897907507201, '2024-06-20 18:57:05.788058', '', null);
INSERT INTO ds_std_category (ds_category_id, ds_hierarchy_id, category_num, cn_name, en_name, en_abbr, parent_dgov_category_id, level, seq_num, "describe", preorder_dgov_category_id, follow_dgov_category_id, tenant_id, if_delete, creator, create_tm, modifier, modify_tm, cn_abbr, biz_sys_id) VALUES (769873105953886208, 241025472937349177, '', '非税收入', '', '', 769631658658893824, -1, 1, '', null, null, 1, '0', 1533642897907507201, '2024-06-21 10:40:52.092993', 1533642897907507201, '2024-06-21 10:40:52.092993', '', null);
INSERT INTO ds_std_category (ds_category_id, ds_hierarchy_id, category_num, cn_name, en_name, en_abbr, parent_dgov_category_id, level, seq_num, "describe", preorder_dgov_category_id, follow_dgov_category_id, tenant_id, if_delete, creator, create_tm, modifier, modify_tm, cn_abbr, biz_sys_id) VALUES (769873158990860288, 241025472937349177, '', '债务收入', '', '', 769631658658893824, -1, 2, '', null, null, 1, '0', 1533642897907507201, '2024-06-21 10:41:04.727413', 1533642897907507201, '2024-06-21 10:41:04.727413', '', null);
INSERT INTO ds_std_category (ds_category_id, ds_hierarchy_id, category_num, cn_name, en_name, en_abbr, parent_dgov_category_id, level, seq_num, "describe", preorder_dgov_category_id, follow_dgov_category_id, tenant_id, if_delete, creator, create_tm, modifier, modify_tm, cn_abbr, biz_sys_id) VALUES (769873200426389504, 241025472937349177, '', '转移性收入', '', '', 769631658658893824, -1, 3, '', null, null, 1, '0', 1533642897907507201, '2024-06-21 10:41:14.607953', 1533642897907507201, '2024-06-21 10:41:14.607953', '', null);
INSERT INTO ds_std_category (ds_category_id, ds_hierarchy_id, category_num, cn_name, en_name, en_abbr, parent_dgov_category_id, level, seq_num, "describe", preorder_dgov_category_id, follow_dgov_category_id, tenant_id, if_delete, creator, create_tm, modifier, modify_tm, cn_abbr, biz_sys_id) VALUES (769873322677768192, 241025472937349177, '', '一般公共服务支出', '', '', 769631875965784064, -1, 0, '', null, null, 1, '0', 1533642897907507201, '2024-06-21 10:41:43.755306', 1533642897907507201, '2024-06-21 10:41:43.755306', '', null);
INSERT INTO ds_std_category (ds_category_id, ds_hierarchy_id, category_num, cn_name, en_name, en_abbr, parent_dgov_category_id, level, seq_num, "describe", preorder_dgov_category_id, follow_dgov_category_id, tenant_id, if_delete, creator, create_tm, modifier, modify_tm, cn_abbr, biz_sys_id) VALUES (769873365904265216, 241025472937349177, '', '外交支出', '', '', 769631875965784064, -1, 1, '', null, null, 1, '0', 1533642897907507201, '2024-06-21 10:41:54.069445', 1533642897907507201, '2024-06-21 10:41:54.069445', '', null);
INSERT INTO ds_std_category (ds_category_id, ds_hierarchy_id, category_num, cn_name, en_name, en_abbr, parent_dgov_category_id, level, seq_num, "describe", preorder_dgov_category_id, follow_dgov_category_id, tenant_id, if_delete, creator, create_tm, modifier, modify_tm, cn_abbr, biz_sys_id) VALUES (769873447680610304, 241025472937349177, '', '国防支出', '', '', 769631875965784064, -1, 2, '', null, null, 1, '0', 1533642897907507201, '2024-06-21 10:42:13.575641', 1533642897907507201, '2024-06-21 10:42:13.575641', '', null);
INSERT INTO ds_std_category (ds_category_id, ds_hierarchy_id, category_num, cn_name, en_name, en_abbr, parent_dgov_category_id, level, seq_num, "describe", preorder_dgov_category_id, follow_dgov_category_id, tenant_id, if_delete, creator, create_tm, modifier, modify_tm, cn_abbr, biz_sys_id) VALUES (769881964386848768, 241025472937349177, '', '专项收入', '', '', 769873105953886208, -1, 0, '', null, null, 1, '0', 1533642897907507201, '2024-06-21 11:16:04.100060', 1533642897907507201, '2024-06-21 11:16:04.100060', '', null);
INSERT INTO ds_std_category (ds_category_id, ds_hierarchy_id, category_num, cn_name, en_name, en_abbr, parent_dgov_category_id, level, seq_num, "describe", preorder_dgov_category_id, follow_dgov_category_id, tenant_id, if_delete, creator, create_tm, modifier, modify_tm, cn_abbr, biz_sys_id) VALUES (769882011077840896, 241025472937349177, '', '行政事业性收费收入', '', '', 769873105953886208, -1, 1, '', null, null, 1, '0', 1533642897907507201, '2024-06-21 11:16:15.229949', 1533642897907507201, '2024-06-21 11:16:15.229949', '', null);
INSERT INTO ds_std_category (ds_category_id, ds_hierarchy_id, category_num, cn_name, en_name, en_abbr, parent_dgov_category_id, level, seq_num, "describe", preorder_dgov_category_id, follow_dgov_category_id, tenant_id, if_delete, creator, create_tm, modifier, modify_tm, cn_abbr, biz_sys_id) VALUES (769882160663498752, 241025472937349177, '', '罚没收入', '', '', 769873105953886208, -1, 2, '', null, null, 1, '0', 1533642897907507201, '2024-06-21 11:16:50.892201', 1533642897907507201, '2024-06-21 11:16:50.892201', '', null);
INSERT INTO ds_std_category (ds_category_id, ds_hierarchy_id, category_num, cn_name, en_name, en_abbr, parent_dgov_category_id, level, seq_num, "describe", preorder_dgov_category_id, follow_dgov_category_id, tenant_id, if_delete, creator, create_tm, modifier, modify_tm, cn_abbr, biz_sys_id) VALUES (769882508820090880, 241025472937349177, '', '地方政府债务收入', '', '', 769873158990860288, -1, 0, '', null, null, 1, '0', 1533642897907507201, '2024-06-21 11:18:13.899991', 1533642897907507201, '2024-06-21 11:18:13.899991', '', null);
INSERT INTO ds_std_category (ds_category_id, ds_hierarchy_id, category_num, cn_name, en_name, en_abbr, parent_dgov_category_id, level, seq_num, "describe", preorder_dgov_category_id, follow_dgov_category_id, tenant_id, if_delete, creator, create_tm, modifier, modify_tm, cn_abbr, biz_sys_id) VALUES (769886067322130432, 241025472937349177, '', '返还性收入', '', '', 769873200426389504, -1, 0, '', null, null, 1, '0', 1533642897907507201, '2024-06-21 11:32:22.316684', 1533642897907507201, '2024-06-21 11:32:22.316684', '', null);
INSERT INTO ds_std_category (ds_category_id, ds_hierarchy_id, category_num, cn_name, en_name, en_abbr, parent_dgov_category_id, level, seq_num, "describe", preorder_dgov_category_id, follow_dgov_category_id, tenant_id, if_delete, creator, create_tm, modifier, modify_tm, cn_abbr, biz_sys_id) VALUES (769886500404989952, 241025472937349177, '', '人大事务', '', '', 769873322677768192, -1, 0, '', null, null, 1, '0', 1533642897907507201, '2024-06-21 11:34:05.626084', 1533642897907507201, '2024-06-21 11:34:05.626084', '', null);
INSERT INTO ds_std_category (ds_category_id, ds_hierarchy_id, category_num, cn_name, en_name, en_abbr, parent_dgov_category_id, level, seq_num, "describe", preorder_dgov_category_id, follow_dgov_category_id, tenant_id, if_delete, creator, create_tm, modifier, modify_tm, cn_abbr, biz_sys_id) VALUES (769886897366503424, 241025472937349177, '', '外交管理事务', '', '', 769873365904265216, -1, 0, '', null, null, 1, '0', 1533642897907507201, '2024-06-21 11:35:40.213483', 1533642897907507201, '2024-06-21 11:35:40.213483', '', null);
INSERT INTO ds_std_category (ds_category_id, ds_hierarchy_id, category_num, cn_name, en_name, en_abbr, parent_dgov_category_id, level, seq_num, "describe", preorder_dgov_category_id, follow_dgov_category_id, tenant_id, if_delete, creator, create_tm, modifier, modify_tm, cn_abbr, biz_sys_id) VALUES (769873481524449280, 241025472937349177, '', '公共安全支出', '', '', 769631875965784064, -1, 3, '', null, null, 1, '1', 1533642897907507201, '2024-06-21 10:42:21.624451', 1533642897907507201, '2024-06-21 11:38:16.779272', '', null);
INSERT INTO ds_std_category (ds_category_id, ds_hierarchy_id, category_num, cn_name, en_name, en_abbr, parent_dgov_category_id, level, seq_num, "describe", preorder_dgov_category_id, follow_dgov_category_id, tenant_id, if_delete, creator, create_tm, modifier, modify_tm, cn_abbr, biz_sys_id) VALUES (769937971112710144, 241024498575364152, '', '单位信息', '', '', 769937900996530176, -1, 0, '', null, null, 1, '0', 1533642897907507201, '2024-06-21 14:58:37.151384', 1533642897907507201, '2024-06-21 14:58:37.151384', '', null);
INSERT INTO ds_std_category (ds_category_id, ds_hierarchy_id, category_num, cn_name, en_name, en_abbr, parent_dgov_category_id, level, seq_num, "describe", preorder_dgov_category_id, follow_dgov_category_id, tenant_id, if_delete, creator, create_tm, modifier, modify_tm, cn_abbr, biz_sys_id) VALUES (769938008626565120, 241024498575364152, '', '人员信息', '', '', 769937900996530176, -1, 1, '', null, null, 1, '0', 1533642897907507201, '2024-06-21 14:58:46.101262', 1533642897907507201, '2024-06-21 14:58:46.101262', '', null);
INSERT INTO ds_std_category (ds_category_id, ds_hierarchy_id, category_num, cn_name, en_name, en_abbr, parent_dgov_category_id, level, seq_num, "describe", preorder_dgov_category_id, follow_dgov_category_id, tenant_id, if_delete, creator, create_tm, modifier, modify_tm, cn_abbr, biz_sys_id) VALUES (769938153309081600, 241024498575364152, '', '中央政府债务信息要素', '', '', 769937900996530176, -1, 2, '', null, null, 1, '0', 1533642897907507201, '2024-06-21 14:59:20.592814', 1533642897907507201, '2024-06-21 14:59:20.592814', '', null);
INSERT INTO ds_std_category (ds_category_id, ds_hierarchy_id, category_num, cn_name, en_name, en_abbr, parent_dgov_category_id, level, seq_num, "describe", preorder_dgov_category_id, follow_dgov_category_id, tenant_id, if_delete, creator, create_tm, modifier, modify_tm, cn_abbr, biz_sys_id) VALUES (769938941192310784, 241024498575364152, '', '地方政府债务要素', '', '', 769937900996530176, -1, 3, '', null, null, 1, '0', 1533642897907507201, '2024-06-21 15:02:28.431541', 1533642897907507201, '2024-06-21 15:02:28.431541', '', null);
INSERT INTO ds_std_category (ds_category_id, ds_hierarchy_id, category_num, cn_name, en_name, en_abbr, parent_dgov_category_id, level, seq_num, "describe", preorder_dgov_category_id, follow_dgov_category_id, tenant_id, if_delete, creator, create_tm, modifier, modify_tm, cn_abbr, biz_sys_id) VALUES (769939016631062528, 241024498575364152, '', '支出标准要素', '', '', 769937900996530176, -1, 4, '', null, null, 1, '0', 1533642897907507201, '2024-06-21 15:02:46.426624', 1533642897907507201, '2024-06-21 15:02:46.426624', '', null);
INSERT INTO ds_std_category (ds_category_id, ds_hierarchy_id, category_num, cn_name, en_name, en_abbr, parent_dgov_category_id, level, seq_num, "describe", preorder_dgov_category_id, follow_dgov_category_id, tenant_id, if_delete, creator, create_tm, modifier, modify_tm, cn_abbr, biz_sys_id) VALUES (769939071203151872, 241024498575364152, '', '资产基础信息要素', '', '', 769937900996530176, -1, 5, '', null, null, 1, '0', 1533642897907507201, '2024-06-21 15:02:59.434188', 1533642897907507201, '2024-06-21 15:02:59.434188', '', null);
INSERT INTO ds_std_category (ds_category_id, ds_hierarchy_id, category_num, cn_name, en_name, en_abbr, parent_dgov_category_id, level, seq_num, "describe", preorder_dgov_category_id, follow_dgov_category_id, tenant_id, if_delete, creator, create_tm, modifier, modify_tm, cn_abbr, biz_sys_id) VALUES (769939165944090624, 241024498575364152, '', '绩效指标要素', '', '', 769937900996530176, -1, 6, '', null, null, 1, '0', 1533642897907507201, '2024-06-21 15:03:22.028305', 1533642897907507201, '2024-06-21 15:03:22.028305', '', null);
INSERT INTO ds_std_category (ds_category_id, ds_hierarchy_id, category_num, cn_name, en_name, en_abbr, parent_dgov_category_id, level, seq_num, "describe", preorder_dgov_category_id, follow_dgov_category_id, tenant_id, if_delete, creator, create_tm, modifier, modify_tm, cn_abbr, biz_sys_id) VALUES (769939211917856768, 241024498575364152, '', '账户信息要素', '', '', 769937900996530176, -1, 7, '', null, null, 1, '0', 1533642897907507201, '2024-06-21 15:03:32.976583', 1533642897907507201, '2024-06-21 15:03:32.976583', '', null);
INSERT INTO ds_std_category (ds_category_id, ds_hierarchy_id, category_num, cn_name, en_name, en_abbr, parent_dgov_category_id, level, seq_num, "describe", preorder_dgov_category_id, follow_dgov_category_id, tenant_id, if_delete, creator, create_tm, modifier, modify_tm, cn_abbr, biz_sys_id) VALUES (769939272903036928, 241024498575364152, '', '转移支付测算因素要素', '', '', 769937900996530176, -1, 8, '', null, null, 1, '0', 1533642897907507201, '2024-06-21 15:03:47.562925', 1533642897907507201, '2024-06-21 15:03:47.562925', '', null);
INSERT INTO ds_std_category (ds_category_id, ds_hierarchy_id, category_num, cn_name, en_name, en_abbr, parent_dgov_category_id, level, seq_num, "describe", preorder_dgov_category_id, follow_dgov_category_id, tenant_id, if_delete, creator, create_tm, modifier, modify_tm, cn_abbr, biz_sys_id) VALUES (769939332332130304, 241024498575364152, '', '政府采购信息要素', '', '', 769937900996530176, -1, 9, '', null, null, 1, '0', 1533642897907507201, '2024-06-21 15:04:01.681920', 1533642897907507201, '2024-06-21 15:04:01.681920', '', null);
INSERT INTO ds_std_category (ds_category_id, ds_hierarchy_id, category_num, cn_name, en_name, en_abbr, parent_dgov_category_id, level, seq_num, "describe", preorder_dgov_category_id, follow_dgov_category_id, tenant_id, if_delete, creator, create_tm, modifier, modify_tm, cn_abbr, biz_sys_id) VALUES (769939396471427072, 241024498575364152, '', '政府非税收入信息要素', '', '', 769937900996530176, -1, 10, '', null, null, 1, '0', 1533642897907507201, '2024-06-21 15:04:16.991205', 1533642897907507201, '2024-06-21 15:04:16.991205', '', null);
INSERT INTO ds_std_category (ds_category_id, ds_hierarchy_id, category_num, cn_name, en_name, en_abbr, parent_dgov_category_id, level, seq_num, "describe", preorder_dgov_category_id, follow_dgov_category_id, tenant_id, if_delete, creator, create_tm, modifier, modify_tm, cn_abbr, biz_sys_id) VALUES (769939474665836544, 241024498575364152, '', '会计科目要素', '', '', 769937900996530176, -1, 11, '', null, null, 1, '0', 1533642897907507201, '2024-06-21 15:04:35.677024', 1533642897907507201, '2024-06-21 15:04:35.677024', '', null);
INSERT INTO ds_std_category (ds_category_id, ds_hierarchy_id, category_num, cn_name, en_name, en_abbr, parent_dgov_category_id, level, seq_num, "describe", preorder_dgov_category_id, follow_dgov_category_id, tenant_id, if_delete, creator, create_tm, modifier, modify_tm, cn_abbr, biz_sys_id) VALUES (769939543360147456, 241024498575364152, '', '财政区划要素', '', '', 769937900996530176, -1, 12, '', null, null, 1, '0', 1533642897907507201, '2024-06-21 15:04:51.995842', 1533642897907507201, '2024-06-21 15:04:51.995842', '', null);
INSERT INTO ds_std_category (ds_category_id, ds_hierarchy_id, category_num, cn_name, en_name, en_abbr, parent_dgov_category_id, level, seq_num, "describe", preorder_dgov_category_id, follow_dgov_category_id, tenant_id, if_delete, creator, create_tm, modifier, modify_tm, cn_abbr, biz_sys_id) VALUES (769939754383970304, 241024498575364152, '', '收入信息要素', '', '', 769939714294812672, -1, 0, '', null, null, 1, '0', 1533642897907507201, '2024-06-21 15:05:42.318237', 1533642897907507201, '2024-06-21 15:05:42.318237', '', null);
INSERT INTO ds_std_category (ds_category_id, ds_hierarchy_id, category_num, cn_name, en_name, en_abbr, parent_dgov_category_id, level, seq_num, "describe", preorder_dgov_category_id, follow_dgov_category_id, tenant_id, if_delete, creator, create_tm, modifier, modify_tm, cn_abbr, biz_sys_id) VALUES (769939825276096512, 241024498575364152, '', '支出信息要素', '', '', 769939714294812672, -1, 1, '', null, null, 1, '0', 1533642897907507201, '2024-06-21 15:05:59.219562', 1533642897907507201, '2024-06-21 15:05:59.219562', '', null);
INSERT INTO ds_std_category (ds_category_id, ds_hierarchy_id, category_num, cn_name, en_name, en_abbr, parent_dgov_category_id, level, seq_num, "describe", preorder_dgov_category_id, follow_dgov_category_id, tenant_id, if_delete, creator, create_tm, modifier, modify_tm, cn_abbr, biz_sys_id) VALUES (769921221826580480, 241025472937349177, '', '导入', '', '', 763709620240912384, -1, 1, '', null, null, 1, '1', 1533642897907507201, '2024-06-21 13:52:03.805477', 1533642897907507201, '2024-06-21 17:46:35.553149', '', null);
INSERT INTO ds_std_category (ds_category_id, ds_hierarchy_id, category_num, cn_name, en_name, en_abbr, parent_dgov_category_id, level, seq_num, "describe", preorder_dgov_category_id, follow_dgov_category_id, tenant_id, if_delete, creator, create_tm, modifier, modify_tm, cn_abbr, biz_sys_id) VALUES (763714819265269760, 241030674218242110, '', '财政术语', '', '', -1, -1, 0, '', null, null, 1, '0', 1533642897907507201, '2024-06-04 10:50:02.138273', 1533642897907507201, '2024-06-24 18:53:55.458009', '', null);
INSERT INTO ds_std_category (ds_category_id, ds_hierarchy_id, category_num, cn_name, en_name, en_abbr, parent_dgov_category_id, level, seq_num, "describe", preorder_dgov_category_id, follow_dgov_category_id, tenant_id, if_delete, creator, create_tm, modifier, modify_tm, cn_abbr, biz_sys_id) VALUES (763711516779352064, 241027365503782971, '', '财政局指标', '', '', -1, -1, 0, '', null, null, 1, '0', 1533642897907507201, '2024-06-04 10:36:54.823478', 1533642897907507201, '2024-06-25 09:45:58.798259', '', null);
INSERT INTO ds_std_category (ds_category_id, ds_hierarchy_id, category_num, cn_name, en_name, en_abbr, parent_dgov_category_id, level, seq_num, "describe", preorder_dgov_category_id, follow_dgov_category_id, tenant_id, if_delete, creator, create_tm, modifier, modify_tm, cn_abbr, biz_sys_id) VALUES (771308893639938048, 241027365503782971, '', '区域经济指标', '', '', 763711516779352064, -1, 0, '', null, null, 1, '0', 1533642897907507201, '2024-06-25 09:46:10.556734', 1533642897907507201, '2024-06-25 09:46:10.556734', '', null);
INSERT INTO ds_std_category (ds_category_id, ds_hierarchy_id, category_num, cn_name, en_name, en_abbr, parent_dgov_category_id, level, seq_num, "describe", preorder_dgov_category_id, follow_dgov_category_id, tenant_id, if_delete, creator, create_tm, modifier, modify_tm, cn_abbr, biz_sys_id) VALUES (771308999227346944, 241027365503782971, '', '总量指标', '', '', 771308893639938048, -1, 0, '', null, null, 1, '0', 1533642897907507201, '2024-06-25 09:46:35.724753', 1533642897907507201, '2024-06-25 09:46:35.724753', '', null);
INSERT INTO ds_std_category (ds_category_id, ds_hierarchy_id, category_num, cn_name, en_name, en_abbr, parent_dgov_category_id, level, seq_num, "describe", preorder_dgov_category_id, follow_dgov_category_id, tenant_id, if_delete, creator, create_tm, modifier, modify_tm, cn_abbr, biz_sys_id) VALUES (771309033545142272, 241027365503782971, '', '行业指标', '', '', 771308893639938048, -1, 1, '', null, null, 1, '0', 1533642897907507201, '2024-06-25 09:46:43.907224', 1533642897907507201, '2024-06-25 09:46:43.907224', '', null);
INSERT INTO ds_std_category (ds_category_id, ds_hierarchy_id, category_num, cn_name, en_name, en_abbr, parent_dgov_category_id, level, seq_num, "describe", preorder_dgov_category_id, follow_dgov_category_id, tenant_id, if_delete, creator, create_tm, modifier, modify_tm, cn_abbr, biz_sys_id) VALUES (771309069783928832, 241027365503782971, '', '产业指标', '', '', 771308893639938048, -1, 2, '', null, null, 1, '0', 1533642897907507201, '2024-06-25 09:46:52.547641', 1533642897907507201, '2024-06-25 09:46:52.547641', '', null);
INSERT INTO ds_std_category (ds_category_id, ds_hierarchy_id, category_num, cn_name, en_name, en_abbr, parent_dgov_category_id, level, seq_num, "describe", preorder_dgov_category_id, follow_dgov_category_id, tenant_id, if_delete, creator, create_tm, modifier, modify_tm, cn_abbr, biz_sys_id) VALUES (771309338387156992, 241027365503782971, '', '政府基础信息', '', '', 763711516779352064, -1, 1, '', null, null, 1, '0', 1533642897907507201, '2024-06-25 09:47:56.665416', 1533642897907507201, '2024-06-25 09:47:56.665416', '', null);
INSERT INTO ds_std_category (ds_category_id, ds_hierarchy_id, category_num, cn_name, en_name, en_abbr, parent_dgov_category_id, level, seq_num, "describe", preorder_dgov_category_id, follow_dgov_category_id, tenant_id, if_delete, creator, create_tm, modifier, modify_tm, cn_abbr, biz_sys_id) VALUES (771309372956610560, 241027365503782971, '', '人员类', '', '', 771309338387156992, -1, 0, '', null, null, 1, '0', 1533642897907507201, '2024-06-25 09:48:04.841510', 1533642897907507201, '2024-06-25 09:48:04.841510', '', null);
INSERT INTO ds_std_category (ds_category_id, ds_hierarchy_id, category_num, cn_name, en_name, en_abbr, parent_dgov_category_id, level, seq_num, "describe", preorder_dgov_category_id, follow_dgov_category_id, tenant_id, if_delete, creator, create_tm, modifier, modify_tm, cn_abbr, biz_sys_id) VALUES (771309397589757952, 241027365503782971, '', '预算单位类', '', '', 771309338387156992, -1, 1, '', null, null, 1, '0', 1533642897907507201, '2024-06-25 09:48:10.702756', 1533642897907507201, '2024-06-25 09:48:10.702756', '', null);
INSERT INTO ds_std_category (ds_category_id, ds_hierarchy_id, category_num, cn_name, en_name, en_abbr, parent_dgov_category_id, level, seq_num, "describe", preorder_dgov_category_id, follow_dgov_category_id, tenant_id, if_delete, creator, create_tm, modifier, modify_tm, cn_abbr, biz_sys_id) VALUES (771309436215103488, 241027365503782971, '', '企业类', '', '', 771309338387156992, -1, 2, '', null, null, 1, '0', 1533642897907507201, '2024-06-25 09:48:19.907578', 1533642897907507201, '2024-06-25 09:48:19.907578', '', null);
INSERT INTO ds_std_category (ds_category_id, ds_hierarchy_id, category_num, cn_name, en_name, en_abbr, parent_dgov_category_id, level, seq_num, "describe", preorder_dgov_category_id, follow_dgov_category_id, tenant_id, if_delete, creator, create_tm, modifier, modify_tm, cn_abbr, biz_sys_id) VALUES (771309465256464384, 241027365503782971, '', '融资平台公司指标', '', '', 771309436215103488, -1, 0, '', null, null, 1, '0', 1533642897907507201, '2024-06-25 09:48:26.831175', 1533642897907507201, '2024-06-25 09:48:26.831175', '', null);
INSERT INTO ds_std_category (ds_category_id, ds_hierarchy_id, category_num, cn_name, en_name, en_abbr, parent_dgov_category_id, level, seq_num, "describe", preorder_dgov_category_id, follow_dgov_category_id, tenant_id, if_delete, creator, create_tm, modifier, modify_tm, cn_abbr, biz_sys_id) VALUES (771309510005493760, 241027365503782971, '', '金融国企指标', '', '', 771309436215103488, -1, 1, '', null, null, 1, '0', 1533642897907507201, '2024-06-25 09:48:37.499224', 1533642897907507201, '2024-06-25 09:48:37.499224', '', null);
INSERT INTO ds_std_category (ds_category_id, ds_hierarchy_id, category_num, cn_name, en_name, en_abbr, parent_dgov_category_id, level, seq_num, "describe", preorder_dgov_category_id, follow_dgov_category_id, tenant_id, if_delete, creator, create_tm, modifier, modify_tm, cn_abbr, biz_sys_id) VALUES (769937851554074624, 241024498575364152, '', '公共信息要素', '', '', 763708631161114624, -1, 4, '', null, null, 1, '0', 1533642897907507201, '2024-06-21 14:58:08.667619', 1533642897907507201, '2024-06-21 14:58:08.667619', '', null);
INSERT INTO ds_std_category (ds_category_id, ds_hierarchy_id, category_num, cn_name, en_name, en_abbr, parent_dgov_category_id, level, seq_num, "describe", preorder_dgov_category_id, follow_dgov_category_id, tenant_id, if_delete, creator, create_tm, modifier, modify_tm, cn_abbr, biz_sys_id) VALUES (771392233097269248, 241025472937349177, '', '税源企业所属产业', '', '', 763709620240912384, -1, 2, '', null, null, 1, '1', 1533642897907507201, '2024-06-25 15:17:20.220620', 1533642897907507201, '2024-06-25 16:31:32.605408', '', null);
INSERT INTO ds_std_category (ds_category_id, ds_hierarchy_id, category_num, cn_name, en_name, en_abbr, parent_dgov_category_id, level, seq_num, "describe", preorder_dgov_category_id, follow_dgov_category_id, tenant_id, if_delete, creator, create_tm, modifier, modify_tm, cn_abbr, biz_sys_id) VALUES (769939596418093056, 241024498575364152, '', '协议', '', '', 763708631161114624, -1, 3, '', null, null, 1, '0', 1533642897907507201, '2024-06-21 15:05:04.658077', 1533642897907507201, '2024-06-27 17:12:26.720100', '', null);
INSERT INTO ds_std_category (ds_category_id, ds_hierarchy_id, category_num, cn_name, en_name, en_abbr, parent_dgov_category_id, level, seq_num, "describe", preorder_dgov_category_id, follow_dgov_category_id, tenant_id, if_delete, creator, create_tm, modifier, modify_tm, cn_abbr, biz_sys_id) VALUES (769937900996530176, 241024498575364152, '', '基础信息要素', '', '', 763708631161114624, -1, 6, '', null, null, 1, '0', 1533642897907507201, '2024-06-21 14:58:20.432386', 1533642897907507201, '2024-06-21 14:58:20.432386', '', null);
INSERT INTO ds_std_category (ds_category_id, ds_hierarchy_id, category_num, cn_name, en_name, en_abbr, parent_dgov_category_id, level, seq_num, "describe", preorder_dgov_category_id, follow_dgov_category_id, tenant_id, if_delete, creator, create_tm, modifier, modify_tm, cn_abbr, biz_sys_id) VALUES (771398902351007744, 241025472937349177, '', '税源企业所属行业', '', '', 763709620240912384, -1, 2, '', null, null, 1, '1', 1533642897907507201, '2024-06-25 15:43:50.309740', 1533642897907507201, '2024-06-25 16:31:36.736843', '', null);
INSERT INTO ds_std_category (ds_category_id, ds_hierarchy_id, category_num, cn_name, en_name, en_abbr, parent_dgov_category_id, level, seq_num, "describe", preorder_dgov_category_id, follow_dgov_category_id, tenant_id, if_delete, creator, create_tm, modifier, modify_tm, cn_abbr, biz_sys_id) VALUES (769887201881362432, 241025472937349177, '', '国防科研事业', '', '', 769873447680610304, -1, 1, '', null, null, 1, '0', 1533642897907507201, '2024-06-21 11:36:52.811300', 1533642897907507201, '2024-06-21 11:36:52.811300', '', null);
INSERT INTO ds_std_category (ds_category_id, ds_hierarchy_id, category_num, cn_name, en_name, en_abbr, parent_dgov_category_id, level, seq_num, "describe", preorder_dgov_category_id, follow_dgov_category_id, tenant_id, if_delete, creator, create_tm, modifier, modify_tm, cn_abbr, biz_sys_id) VALUES (769887129756110848, 241025472937349177, '', '现役部队', '', '', 769873447680610304, -1, 0, '', null, null, 1, '0', 1533642897907507201, '2024-06-21 11:36:35.622215', 1533642897907507201, '2024-06-21 11:36:35.622215', '', null);
INSERT INTO ds_std_category (ds_category_id, ds_hierarchy_id, category_num, cn_name, en_name, en_abbr, parent_dgov_category_id, level, seq_num, "describe", preorder_dgov_category_id, follow_dgov_category_id, tenant_id, if_delete, creator, create_tm, modifier, modify_tm, cn_abbr, biz_sys_id) VALUES (769939650067435520, 241024498575364152, '', '资产', '', '', 763708631161114624, -1, 5, '', null, null, 1, '0', 1533642897907507201, '2024-06-21 15:05:17.438873', 1533642897907507201, '2024-06-27 17:12:47.950588', '', null);
INSERT INTO ds_std_category (ds_category_id, ds_hierarchy_id, category_num, cn_name, en_name, en_abbr, parent_dgov_category_id, level, seq_num, "describe", preorder_dgov_category_id, follow_dgov_category_id, tenant_id, if_delete, creator, create_tm, modifier, modify_tm, cn_abbr, biz_sys_id) VALUES (772150751911874560, 241024498575364152, '', '企业股东信息', '', '', 772145175018475520, -1, 0, '', null, null, 1, '0', 1533642897907507201, '2024-06-27 17:31:25.205701', 1533642897907507201, '2024-06-27 17:31:25.205701', '', null);
INSERT INTO ds_std_category (ds_category_id, ds_hierarchy_id, category_num, cn_name, en_name, en_abbr, parent_dgov_category_id, level, seq_num, "describe", preorder_dgov_category_id, follow_dgov_category_id, tenant_id, if_delete, creator, create_tm, modifier, modify_tm, cn_abbr, biz_sys_id) VALUES (772153139020304384, 241024498575364152, '', '对外投资信息', '', '', 772145175018475520, -1, 1, '', null, null, 1, '0', 1533642897907507201, '2024-06-27 17:40:54.352176', 1533642897907507201, '2024-06-27 17:40:54.352176', '', null);
INSERT INTO ds_std_category (ds_category_id, ds_hierarchy_id, category_num, cn_name, en_name, en_abbr, parent_dgov_category_id, level, seq_num, "describe", preorder_dgov_category_id, follow_dgov_category_id, tenant_id, if_delete, creator, create_tm, modifier, modify_tm, cn_abbr, biz_sys_id) VALUES (771410341946068992, 241025472937349177, '', '一般公共预算收入构成', '', '', 763709620240912384, -1, 2, '', null, null, 1, '1', 1533642897907507201, '2024-06-25 16:29:17.707547', 1533642897907507201, '2024-06-25 16:31:40.772882', '', null);
INSERT INTO ds_std_category (ds_category_id, ds_hierarchy_id, category_num, cn_name, en_name, en_abbr, parent_dgov_category_id, level, seq_num, "describe", preorder_dgov_category_id, follow_dgov_category_id, tenant_id, if_delete, creator, create_tm, modifier, modify_tm, cn_abbr, biz_sys_id) VALUES (772153368029302784, 241024498575364152, '', '人员基本信息', '', '', 772145271638462464, -1, 0, '', null, null, 1, '0', 1533642897907507201, '2024-06-27 17:41:48.934990', 1533642897907507201, '2024-06-27 17:41:48.934990', '', null);
INSERT INTO ds_std_category (ds_category_id, ds_hierarchy_id, category_num, cn_name, en_name, en_abbr, parent_dgov_category_id, level, seq_num, "describe", preorder_dgov_category_id, follow_dgov_category_id, tenant_id, if_delete, creator, create_tm, modifier, modify_tm, cn_abbr, biz_sys_id) VALUES (771371823479787520, 241025472937349177, '', '”三保“分类', '', '', 763709620240912384, -1, 2, '', null, null, 1, '1', 1533642897907507201, '2024-06-25 13:56:14.192653', 1533642897907507201, '2024-06-25 16:30:38.004083', '', null);
INSERT INTO ds_std_category (ds_category_id, ds_hierarchy_id, category_num, cn_name, en_name, en_abbr, parent_dgov_category_id, level, seq_num, "describe", preorder_dgov_category_id, follow_dgov_category_id, tenant_id, if_delete, creator, create_tm, modifier, modify_tm, cn_abbr, biz_sys_id) VALUES (771410382123307008, 241025472937349177, '', '一般公共预算支出构成', '', '', 763709620240912384, -1, 2, '', null, null, 1, '1', 1533642897907507201, '2024-06-25 16:29:27.292708', 1533642897907507201, '2024-06-25 16:31:46.076871', '', null);
INSERT INTO ds_std_category (ds_category_id, ds_hierarchy_id, category_num, cn_name, en_name, en_abbr, parent_dgov_category_id, level, seq_num, "describe", preorder_dgov_category_id, follow_dgov_category_id, tenant_id, if_delete, creator, create_tm, modifier, modify_tm, cn_abbr, biz_sys_id) VALUES (769631875965784064, 241025472937349177, '', '一般公共预算支出科目', '', '', 763709620240912384, -1, 2, '', null, null, 1, '0', 1533642897907507201, '2024-06-20 18:42:18.385460', 1533642897907507201, '2024-06-20 18:43:25.371838', '', null);
INSERT INTO ds_std_category (ds_category_id, ds_hierarchy_id, category_num, cn_name, en_name, en_abbr, parent_dgov_category_id, level, seq_num, "describe", preorder_dgov_category_id, follow_dgov_category_id, tenant_id, if_delete, creator, create_tm, modifier, modify_tm, cn_abbr, biz_sys_id) VALUES (772153511092817920, 241024498575364152, '', '人员工作信息', '', '', 772145271638462464, -1, 1, '', null, null, 1, '0', 1533642897907507201, '2024-06-27 17:42:23.045080', 1533642897907507201, '2024-06-27 17:42:23.045080', '', null);
INSERT INTO ds_std_category (ds_category_id, ds_hierarchy_id, category_num, cn_name, en_name, en_abbr, parent_dgov_category_id, level, seq_num, "describe", preorder_dgov_category_id, follow_dgov_category_id, tenant_id, if_delete, creator, create_tm, modifier, modify_tm, cn_abbr, biz_sys_id) VALUES (769631658658893824, 241025472937349177, '', '一般公共预算收入科目', '', '', 763709620240912384, -1, 1, '', null, null, 1, '0', 1533642897907507201, '2024-06-20 18:41:26.604995', 1533642897907507201, '2024-06-20 18:43:33.298819', '', null);
INSERT INTO ds_std_category (ds_category_id, ds_hierarchy_id, category_num, cn_name, en_name, en_abbr, parent_dgov_category_id, level, seq_num, "describe", preorder_dgov_category_id, follow_dgov_category_id, tenant_id, if_delete, creator, create_tm, modifier, modify_tm, cn_abbr, biz_sys_id) VALUES (771678555355615232, 241025472937349177, '', '通用代码', '', '', 763709620240912384, -1, 0, '', null, null, 1, '0', 1533642897907507201, '2024-06-26 10:15:04.780094', 1533642897907507201, '2024-06-26 10:15:04.780094', '', null);
INSERT INTO ds_std_category (ds_category_id, ds_hierarchy_id, category_num, cn_name, en_name, en_abbr, parent_dgov_category_id, level, seq_num, "describe", preorder_dgov_category_id, follow_dgov_category_id, tenant_id, if_delete, creator, create_tm, modifier, modify_tm, cn_abbr, biz_sys_id) VALUES (771798388822904832, 241027705947050044, '', '通用类', '', '', 763711840390877184, -1, 0, '', null, null, 1, '0', 1533642897907507201, '2024-06-26 18:11:15.294294', 1533642897907507201, '2024-06-26 18:11:15.294294', '', null);
INSERT INTO ds_std_category (ds_category_id, ds_hierarchy_id, category_num, cn_name, en_name, en_abbr, parent_dgov_category_id, level, seq_num, "describe", preorder_dgov_category_id, follow_dgov_category_id, tenant_id, if_delete, creator, create_tm, modifier, modify_tm, cn_abbr, biz_sys_id) VALUES (771798464387485696, 241027705947050044, '', '基础信息类', '', '', 763711840390877184, -1, 1, '', null, null, 1, '0', 1533642897907507201, '2024-06-26 18:11:33.307020', 1533642897907507201, '2024-06-26 18:11:33.307020', '', null);
INSERT INTO ds_std_category (ds_category_id, ds_hierarchy_id, category_num, cn_name, en_name, en_abbr, parent_dgov_category_id, level, seq_num, "describe", preorder_dgov_category_id, follow_dgov_category_id, tenant_id, if_delete, creator, create_tm, modifier, modify_tm, cn_abbr, biz_sys_id) VALUES (771372596800393216, 241025472937349177, '', '单位分类', '', '', 763709620240912384, -1, 2, '', null, null, 1, '1', 1533642897907507201, '2024-06-25 13:59:18.565850', 1533642897907507201, '2024-06-25 16:30:42.830753', '', null);
INSERT INTO ds_std_category (ds_category_id, ds_hierarchy_id, category_num, cn_name, en_name, en_abbr, parent_dgov_category_id, level, seq_num, "describe", preorder_dgov_category_id, follow_dgov_category_id, tenant_id, if_delete, creator, create_tm, modifier, modify_tm, cn_abbr, biz_sys_id) VALUES (772153576788201472, 241024498575364152, '', '人员管理信息', '', '', 772145271638462464, -1, 2, '', null, null, 1, '0', 1533642897907507201, '2024-06-27 17:42:38.708217', 1533642897907507201, '2024-06-27 17:42:38.708217', '', null);
INSERT INTO ds_std_category (ds_category_id, ds_hierarchy_id, category_num, cn_name, en_name, en_abbr, parent_dgov_category_id, level, seq_num, "describe", preorder_dgov_category_id, follow_dgov_category_id, tenant_id, if_delete, creator, create_tm, modifier, modify_tm, cn_abbr, biz_sys_id) VALUES (772153623428861952, 241024498575364152, '', '人员教育信息', '', '', 772145271638462464, -1, 3, '', null, null, 1, '0', 1533642897907507201, '2024-06-27 17:42:49.825421', 1533642897907507201, '2024-06-27 17:42:49.825421', '', null);
INSERT INTO ds_std_category (ds_category_id, ds_hierarchy_id, category_num, cn_name, en_name, en_abbr, parent_dgov_category_id, level, seq_num, "describe", preorder_dgov_category_id, follow_dgov_category_id, tenant_id, if_delete, creator, create_tm, modifier, modify_tm, cn_abbr, biz_sys_id) VALUES (772153669918527488, 241024498575364152, '', '人员证件信息', '', '', 772145271638462464, -1, 4, '', null, null, 1, '0', 1533642897907507201, '2024-06-27 17:43:00.914207', 1533642897907507201, '2024-06-27 17:43:00.914207', '', null);
INSERT INTO ds_std_category (ds_category_id, ds_hierarchy_id, category_num, cn_name, en_name, en_abbr, parent_dgov_category_id, level, seq_num, "describe", preorder_dgov_category_id, follow_dgov_category_id, tenant_id, if_delete, creator, create_tm, modifier, modify_tm, cn_abbr, biz_sys_id) VALUES (772145380040249344, 241024498575364152, '', '项目', '', '', 763708631161114624, -1, 1, '', null, null, 1, '0', 1533642897907507201, '2024-06-27 17:10:04.446951', 1533642897907507201, '2024-06-27 18:15:42.048736', '', null);
INSERT INTO ds_std_category (ds_category_id, ds_hierarchy_id, category_num, cn_name, en_name, en_abbr, parent_dgov_category_id, level, seq_num, "describe", preorder_dgov_category_id, follow_dgov_category_id, tenant_id, if_delete, creator, create_tm, modifier, modify_tm, cn_abbr, biz_sys_id) VALUES (772161968428683264, 241024498575364152, '', '项目标识信息', '', '', 772145380040249344, -1, 0, '', null, null, 1, '0', 1533642897907507201, '2024-06-27 18:15:59.446608', 1533642897907507201, '2024-06-27 18:15:59.446608', '', null);
INSERT INTO ds_std_category (ds_category_id, ds_hierarchy_id, category_num, cn_name, en_name, en_abbr, parent_dgov_category_id, level, seq_num, "describe", preorder_dgov_category_id, follow_dgov_category_id, tenant_id, if_delete, creator, create_tm, modifier, modify_tm, cn_abbr, biz_sys_id) VALUES (772162784308891648, 241024498575364152, '', '项目采购信息', '', '', 772145380040249344, -1, 1, '', null, null, 1, '0', 1533642897907507201, '2024-06-27 18:19:14.004369', 1533642897907507201, '2024-06-27 18:19:14.004369', '', null);
INSERT INTO ds_std_category (ds_category_id, ds_hierarchy_id, category_num, cn_name, en_name, en_abbr, parent_dgov_category_id, level, seq_num, "describe", preorder_dgov_category_id, follow_dgov_category_id, tenant_id, if_delete, creator, create_tm, modifier, modify_tm, cn_abbr, biz_sys_id) VALUES (772164677852598272, 241024498575364152, '', '项目管理信息', '', '', 772145380040249344, -1, 2, '', null, null, 1, '0', 1533642897907507201, '2024-06-27 18:26:45.405475', 1533642897907507201, '2024-06-27 18:26:45.405475', '', null);
INSERT INTO ds_std_category (ds_category_id, ds_hierarchy_id, category_num, cn_name, en_name, en_abbr, parent_dgov_category_id, level, seq_num, "describe", preorder_dgov_category_id, follow_dgov_category_id, tenant_id, if_delete, creator, create_tm, modifier, modify_tm, cn_abbr, biz_sys_id) VALUES (772166422389460992, 241024498575364152, '', '项目基本信息', '', '', 772145380040249344, -1, 3, '', null, null, 1, '0', 1533642897907507201, '2024-06-27 18:33:41.338240', 1533642897907507201, '2024-06-27 18:33:41.338240', '', null);
INSERT INTO ds_std_category (ds_category_id, ds_hierarchy_id, category_num, cn_name, en_name, en_abbr, parent_dgov_category_id, level, seq_num, "describe", preorder_dgov_category_id, follow_dgov_category_id, tenant_id, if_delete, creator, create_tm, modifier, modify_tm, cn_abbr, biz_sys_id) VALUES (772144901277224960, 241024498575364152, '', '主体', '', '', 763708631161114624, -1, 0, '', null, null, 1, '0', 1533642897907507201, '2024-06-27 17:08:10.305186', 1533642897907507201, '2024-06-28 10:06:56.969541', '', null);
INSERT INTO ds_std_category (ds_category_id, ds_hierarchy_id, category_num, cn_name, en_name, en_abbr, parent_dgov_category_id, level, seq_num, "describe", preorder_dgov_category_id, follow_dgov_category_id, tenant_id, if_delete, creator, create_tm, modifier, modify_tm, cn_abbr, biz_sys_id) VALUES (249349347647443262, 241027365503782971, '', '政府资金指标', '', '', 763711516779352064, -1, 2, '', null, null, 1, '0', 1533642897907507201, '2024-06-25 09:47:56.665416', 1533642897907507201, '2024-06-25 09:47:56.665416', '', null);
INSERT INTO ds_std_category (ds_category_id, ds_hierarchy_id, category_num, cn_name, en_name, en_abbr, parent_dgov_category_id, level, seq_num, "describe", preorder_dgov_category_id, follow_dgov_category_id, tenant_id, if_delete, creator, create_tm, modifier, modify_tm, cn_abbr, biz_sys_id) VALUES (771372702643654656, 241025472937349177, '', '非税收入构成', '', '', 763709620240912384, -1, 2, '', null, null, 1, '1', 1533642897907507201, '2024-06-25 13:59:43.825577', 1533642897907507201, '2024-06-25 16:30:48.388998', '', null);
INSERT INTO ds_std_category (ds_category_id, ds_hierarchy_id, category_num, cn_name, en_name, en_abbr, parent_dgov_category_id, level, seq_num, "describe", preorder_dgov_category_id, follow_dgov_category_id, tenant_id, if_delete, creator, create_tm, modifier, modify_tm, cn_abbr, biz_sys_id) VALUES (249348898290684217, 241027365503782971, '', '政府债务指标', '', '', 763711516779352064, -1, 3, '', null, null, 1, '0', 1533642897907507201, '2024-06-25 09:47:56.665416', 1533642897907507201, '2024-06-25 09:47:56.665416', '', null);
INSERT INTO ds_std_category (ds_category_id, ds_hierarchy_id, category_num, cn_name, en_name, en_abbr, parent_dgov_category_id, level, seq_num, "describe", preorder_dgov_category_id, follow_dgov_category_id, tenant_id, if_delete, creator, create_tm, modifier, modify_tm, cn_abbr, biz_sys_id) VALUES (249349199798227261, 241027365503782971, '', '企业指标', '', '', 763711516779352064, -1, 7, '', null, null, 1, '0', 1533642897907507201, '2024-06-25 09:47:56.665416', 1533642897907507201, '2024-06-25 09:47:56.665416', '', null);
INSERT INTO ds_std_category (ds_category_id, ds_hierarchy_id, category_num, cn_name, en_name, en_abbr, parent_dgov_category_id, level, seq_num, "describe", preorder_dgov_category_id, follow_dgov_category_id, tenant_id, if_delete, creator, create_tm, modifier, modify_tm, cn_abbr, biz_sys_id) VALUES (249349199756284220, 241027365503782971, '', '政府投资指标（资本）', '', '', 763711516779352064, -1, 6, '', null, null, 1, '0', 1533642897907507201, '2024-06-25 09:47:56.665416', 1533642897907507201, '2024-06-25 09:47:56.665416', '', null);
INSERT INTO ds_std_category (ds_category_id, ds_hierarchy_id, category_num, cn_name, en_name, en_abbr, parent_dgov_category_id, level, seq_num, "describe", preorder_dgov_category_id, follow_dgov_category_id, tenant_id, if_delete, creator, create_tm, modifier, modify_tm, cn_abbr, biz_sys_id) VALUES (249349159130255674, 241027365503782971, '', '政府资源指标', '', '', 763711516779352064, -1, 4, '', null, null, 1, '0', 1533642897907507201, '2024-06-25 09:47:56.665416', 1533642897907507201, '2024-06-25 09:47:56.665416', '', null);
INSERT INTO ds_std_category (ds_category_id, ds_hierarchy_id, category_num, cn_name, en_name, en_abbr, parent_dgov_category_id, level, seq_num, "describe", preorder_dgov_category_id, follow_dgov_category_id, tenant_id, if_delete, creator, create_tm, modifier, modify_tm, cn_abbr, biz_sys_id) VALUES (249349199676592443, 241027365503782971, '', '政府固定资产指标', '', '', 763711516779352064, -1, 5, '', null, null, 1, '0', 1533642897907507201, '2024-06-25 09:47:56.665416', 1533642897907507201, '2024-06-25 09:47:56.665416', '', null);
INSERT INTO ds_std_category (ds_category_id, ds_hierarchy_id, category_num, cn_name, en_name, en_abbr, parent_dgov_category_id, level, seq_num, "describe", preorder_dgov_category_id, follow_dgov_category_id, tenant_id, if_delete, creator, create_tm, modifier, modify_tm, cn_abbr, biz_sys_id) VALUES (249354747612516671, 241027365503782971, '', '财政运行指标', '', '', 249349347647443262, -1, 0, '', null, null, 1, '0', 1533642897907507201, '2024-06-25 09:46:35.724753', 1533642897907507201, '2024-06-25 09:46:35.724753', '', null);
INSERT INTO ds_std_category (ds_category_id, ds_hierarchy_id, category_num, cn_name, en_name, en_abbr, parent_dgov_category_id, level, seq_num, "describe", preorder_dgov_category_id, follow_dgov_category_id, tenant_id, if_delete, creator, create_tm, modifier, modify_tm, cn_abbr, biz_sys_id) VALUES (249354828319314240, 241027365503782971, '', '一般公共预算指标', '', '', 249349347647443262, -1, 1, '', null, null, 1, '0', 1533642897907507201, '2024-06-25 09:46:35.724753', 1533642897907507201, '2024-06-25 09:46:35.724753', '', null);
INSERT INTO ds_std_category (ds_category_id, ds_hierarchy_id, category_num, cn_name, en_name, en_abbr, parent_dgov_category_id, level, seq_num, "describe", preorder_dgov_category_id, follow_dgov_category_id, tenant_id, if_delete, creator, create_tm, modifier, modify_tm, cn_abbr, biz_sys_id) VALUES (249354828365451585, 241027365503782971, '', '政府性基金预算指标', '', '', 249349347647443262, -1, 2, '', null, null, 1, '0', 1533642897907507201, '2024-06-25 09:46:35.724753', 1533642897907507201, '2024-06-25 09:46:35.724753', '', null);
INSERT INTO ds_std_category (ds_category_id, ds_hierarchy_id, category_num, cn_name, en_name, en_abbr, parent_dgov_category_id, level, seq_num, "describe", preorder_dgov_category_id, follow_dgov_category_id, tenant_id, if_delete, creator, create_tm, modifier, modify_tm, cn_abbr, biz_sys_id) VALUES (249354828407394626, 241027365503782971, '', '国有资本经营预算指标', '', '', 249349347647443262, -1, 3, '', null, null, 1, '0', 1533642897907507201, '2024-06-25 09:46:35.724753', 1533642897907507201, '2024-06-25 09:46:35.724753', '', null);
INSERT INTO ds_std_category (ds_category_id, ds_hierarchy_id, category_num, cn_name, en_name, en_abbr, parent_dgov_category_id, level, seq_num, "describe", preorder_dgov_category_id, follow_dgov_category_id, tenant_id, if_delete, creator, create_tm, modifier, modify_tm, cn_abbr, biz_sys_id) VALUES (771391746465730560, 241025472937349177, '', '民生支出构成', '', '', 763709620240912384, -1, 3, '', null, null, 1, '1', 1533642897907507201, '2024-06-25 15:15:24.205193', 1533642897907507201, '2024-06-25 16:31:02.123418', '', null);
INSERT INTO ds_std_category (ds_category_id, ds_hierarchy_id, category_num, cn_name, en_name, en_abbr, parent_dgov_category_id, level, seq_num, "describe", preorder_dgov_category_id, follow_dgov_category_id, tenant_id, if_delete, creator, create_tm, modifier, modify_tm, cn_abbr, biz_sys_id) VALUES (249354828449337667, 241027365503782971, '', '财政专户指标', '', '', 249349347647443262, -1, 4, '', null, null, 1, '0', 1533642897907507201, '2024-06-25 09:46:35.724753', 1533642897907507201, '2024-06-25 09:46:35.724753', '', null);
INSERT INTO ds_std_category (ds_category_id, ds_hierarchy_id, category_num, cn_name, en_name, en_abbr, parent_dgov_category_id, level, seq_num, "describe", preorder_dgov_category_id, follow_dgov_category_id, tenant_id, if_delete, creator, create_tm, modifier, modify_tm, cn_abbr, biz_sys_id) VALUES (249354828482892100, 241027365503782971, '', '财税指标', '', '', 249349347647443262, -1, 5, '', null, null, 1, '0', 1533642897907507201, '2024-06-25 09:46:35.724753', 1533642897907507201, '2024-06-25 09:46:35.724753', '', null);
INSERT INTO ds_std_category (ds_category_id, ds_hierarchy_id, category_num, cn_name, en_name, en_abbr, parent_dgov_category_id, level, seq_num, "describe", preorder_dgov_category_id, follow_dgov_category_id, tenant_id, if_delete, creator, create_tm, modifier, modify_tm, cn_abbr, biz_sys_id) VALUES (249354828529029445, 241027365503782971, '', '重点专项指标', '', '', 249349347647443262, -1, 6, '', null, null, 1, '0', 1533642897907507201, '2024-06-25 09:46:35.724753', 1533642897907507201, '2024-06-25 09:46:35.724753', '', null);
INSERT INTO ds_std_category (ds_category_id, ds_hierarchy_id, category_num, cn_name, en_name, en_abbr, parent_dgov_category_id, level, seq_num, "describe", preorder_dgov_category_id, follow_dgov_category_id, tenant_id, if_delete, creator, create_tm, modifier, modify_tm, cn_abbr, biz_sys_id) VALUES (249354828566778182, 241027365503782971, '', '库款指标', '', '', 249349347647443262, -1, 7, '', null, null, 1, '0', 1533642897907507201, '2024-06-25 09:46:35.724753', 1533642897907507201, '2024-06-25 09:46:35.724753', '', null);
INSERT INTO ds_std_category (ds_category_id, ds_hierarchy_id, category_num, cn_name, en_name, en_abbr, parent_dgov_category_id, level, seq_num, "describe", preorder_dgov_category_id, follow_dgov_category_id, tenant_id, if_delete, creator, create_tm, modifier, modify_tm, cn_abbr, biz_sys_id) VALUES (249354828604526919, 241027365503782971, '', '暂付款指标', '', '', 249349347647443262, -1, 8, '', null, null, 1, '0', 1533642897907507201, '2024-06-25 09:46:35.724753', 1533642897907507201, '2024-06-25 09:46:35.724753', '', null);
INSERT INTO ds_std_category (ds_category_id, ds_hierarchy_id, category_num, cn_name, en_name, en_abbr, parent_dgov_category_id, level, seq_num, "describe", preorder_dgov_category_id, follow_dgov_category_id, tenant_id, if_delete, creator, create_tm, modifier, modify_tm, cn_abbr, biz_sys_id) VALUES (249355868053721416, 241027365503782971, '', '非税指标', '', '', 249354828482892100, -1, 0, '', null, null, 1, '0', 1533642897907507201, '2024-06-25 09:46:35.724753', 1533642897907507201, '2024-06-25 09:46:35.724753', '', null);
INSERT INTO ds_std_category (ds_category_id, ds_hierarchy_id, category_num, cn_name, en_name, en_abbr, parent_dgov_category_id, level, seq_num, "describe", preorder_dgov_category_id, follow_dgov_category_id, tenant_id, if_delete, creator, create_tm, modifier, modify_tm, cn_abbr, biz_sys_id) VALUES (249355885082595657, 241027365503782971, '', '税收指标', '', '', 249354828482892100, -1, 1, '', null, null, 1, '0', 1533642897907507201, '2024-06-25 09:46:35.724753', 1533642897907507201, '2024-06-25 09:46:35.724753', '', null);
INSERT INTO ds_std_category (ds_category_id, ds_hierarchy_id, category_num, cn_name, en_name, en_abbr, parent_dgov_category_id, level, seq_num, "describe", preorder_dgov_category_id, follow_dgov_category_id, tenant_id, if_delete, creator, create_tm, modifier, modify_tm, cn_abbr, biz_sys_id) VALUES (249355900186284362, 241027365503782971, '', '“三保”支出指标', '', '', 249354828529029445, -1, 0, '', null, null, 1, '0', 1533642897907507201, '2024-06-25 09:46:35.724753', 1533642897907507201, '2024-06-25 09:46:35.724753', '', null);
INSERT INTO ds_std_category (ds_category_id, ds_hierarchy_id, category_num, cn_name, en_name, en_abbr, parent_dgov_category_id, level, seq_num, "describe", preorder_dgov_category_id, follow_dgov_category_id, tenant_id, if_delete, creator, create_tm, modifier, modify_tm, cn_abbr, biz_sys_id) VALUES (772113559042789376, 241027705947050044, '', '预算资金类', '', '', 763711840390877184, -1, 2, '', null, null, 1, '0', 1533642897907507201, '2024-06-27 15:03:37.733460', 1533642897907507201, '2024-06-27 15:03:37.733460', '', null);
INSERT INTO ds_std_category (ds_category_id, ds_hierarchy_id, category_num, cn_name, en_name, en_abbr, parent_dgov_category_id, level, seq_num, "describe", preorder_dgov_category_id, follow_dgov_category_id, tenant_id, if_delete, creator, create_tm, modifier, modify_tm, cn_abbr, biz_sys_id) VALUES (771391789063081984, 241025472937349177, '', '企业规模', '', '', 763709620240912384, -1, 3, '', null, null, 1, '1', 1533642897907507201, '2024-06-25 15:15:34.371960', 1533642897907507201, '2024-06-25 16:31:06.379372', '', null);
INSERT INTO ds_std_category (ds_category_id, ds_hierarchy_id, category_num, cn_name, en_name, en_abbr, parent_dgov_category_id, level, seq_num, "describe", preorder_dgov_category_id, follow_dgov_category_id, tenant_id, if_delete, creator, create_tm, modifier, modify_tm, cn_abbr, biz_sys_id) VALUES (772113597143846912, 241027705947050044, '', '企业类', '', '', 763711840390877184, -1, 3, '', null, null, 1, '0', 1533642897907507201, '2024-06-27 15:03:46.813168', 1533642897907507201, '2024-06-27 15:03:46.813168', '', null);
INSERT INTO ds_std_category (ds_category_id, ds_hierarchy_id, category_num, cn_name, en_name, en_abbr, parent_dgov_category_id, level, seq_num, "describe", preorder_dgov_category_id, follow_dgov_category_id, tenant_id, if_delete, creator, create_tm, modifier, modify_tm, cn_abbr, biz_sys_id) VALUES (771376543342661632, 241025472937349177, '', '库款流出去向', '', '', 763709620240912384, -1, 2, '', null, null, 1, '1', 1533642897907507201, '2024-06-25 14:14:59.500399', 1533642897907507201, '2024-06-25 16:31:11.930682', '', null);
INSERT INTO ds_std_category (ds_category_id, ds_hierarchy_id, category_num, cn_name, en_name, en_abbr, parent_dgov_category_id, level, seq_num, "describe", preorder_dgov_category_id, follow_dgov_category_id, tenant_id, if_delete, creator, create_tm, modifier, modify_tm, cn_abbr, biz_sys_id) VALUES (771391888610693120, 241025472937349177, '', '企业所有制性质', '', '', 763709620240912384, -1, 2, '', null, null, 1, '1', 1533642897907507201, '2024-06-25 15:15:58.100241', 1533642897907507201, '2024-06-25 16:31:15.484689', '', null);
INSERT INTO ds_std_category (ds_category_id, ds_hierarchy_id, category_num, cn_name, en_name, en_abbr, parent_dgov_category_id, level, seq_num, "describe", preorder_dgov_category_id, follow_dgov_category_id, tenant_id, if_delete, creator, create_tm, modifier, modify_tm, cn_abbr, biz_sys_id) VALUES (772145175018475520, 241024498575364152, '', '企业信息', '', '', 772144901277224960, -1, 0, '', null, null, 1, '0', 1533642897907507201, '2024-06-27 17:09:15.569107', 1533642897907507201, '2024-06-27 17:09:15.569107', '', null);
INSERT INTO ds_std_category (ds_category_id, ds_hierarchy_id, category_num, cn_name, en_name, en_abbr, parent_dgov_category_id, level, seq_num, "describe", preorder_dgov_category_id, follow_dgov_category_id, tenant_id, if_delete, creator, create_tm, modifier, modify_tm, cn_abbr, biz_sys_id) VALUES (772145271638462464, 241024498575364152, '', '自然人信息', '', '', 772144901277224960, -1, 1, '', null, null, 1, '0', 1533642897907507201, '2024-06-27 17:09:38.601848', 1533642897907507201, '2024-06-27 17:09:38.601848', '', null);
INSERT INTO ds_std_category (ds_category_id, ds_hierarchy_id, category_num, cn_name, en_name, en_abbr, parent_dgov_category_id, level, seq_num, "describe", preorder_dgov_category_id, follow_dgov_category_id, tenant_id, if_delete, creator, create_tm, modifier, modify_tm, cn_abbr, biz_sys_id) VALUES (771391923549245440, 241025472937349177, '', '区域', '', '', 763709620240912384, -1, 2, '', null, null, 1, '1', 1533642897907507201, '2024-06-25 15:16:06.419660', 1533642897907507201, '2024-06-25 16:31:19.235543', '', null);
INSERT INTO ds_std_category (ds_category_id, ds_hierarchy_id, category_num, cn_name, en_name, en_abbr, parent_dgov_category_id, level, seq_num, "describe", preorder_dgov_category_id, follow_dgov_category_id, tenant_id, if_delete, creator, create_tm, modifier, modify_tm, cn_abbr, biz_sys_id) VALUES (769940020864880640, 241024498575364152, '', '决算和报告信息要素', '', '', 763708631161114624, -1, 10, '', null, null, 1, '0', 1533642897907507201, '2024-06-21 15:06:45.847165', 1533642897907507201, '2024-06-21 15:06:45.847165', '', null);
INSERT INTO ds_std_category (ds_category_id, ds_hierarchy_id, category_num, cn_name, en_name, en_abbr, parent_dgov_category_id, level, seq_num, "describe", preorder_dgov_category_id, follow_dgov_category_id, tenant_id, if_delete, creator, create_tm, modifier, modify_tm, cn_abbr, biz_sys_id) VALUES (769939977646772224, 241024498575364152, '', '预算指标核算信息要素', '', '', 763708631161114624, -1, 9, '', null, null, 1, '0', 1533642897907507201, '2024-06-21 15:06:35.559282', 1533642897907507201, '2024-06-21 15:06:35.559282', '', null);
INSERT INTO ds_std_category (ds_category_id, ds_hierarchy_id, category_num, cn_name, en_name, en_abbr, parent_dgov_category_id, level, seq_num, "describe", preorder_dgov_category_id, follow_dgov_category_id, tenant_id, if_delete, creator, create_tm, modifier, modify_tm, cn_abbr, biz_sys_id) VALUES (769939928854433792, 241024498575364152, '', '会计核算信息要素', '', '', 763708631161114624, -1, 8, '', null, null, 1, '0', 1533642897907507201, '2024-06-21 15:06:23.917788', 1533642897907507201, '2024-06-21 15:06:23.917788', '', null);
INSERT INTO ds_std_category (ds_category_id, ds_hierarchy_id, category_num, cn_name, en_name, en_abbr, parent_dgov_category_id, level, seq_num, "describe", preorder_dgov_category_id, follow_dgov_category_id, tenant_id, if_delete, creator, create_tm, modifier, modify_tm, cn_abbr, biz_sys_id) VALUES (771392093410168832, 241025472937349177, '', '人员分类', '', '', 763709620240912384, -1, 2, '', null, null, 1, '1', 1533642897907507201, '2024-06-25 15:16:46.932508', 1533642897907507201, '2024-06-25 16:31:23.053929', '', null);
INSERT INTO ds_std_category (ds_category_id, ds_hierarchy_id, category_num, cn_name, en_name, en_abbr, parent_dgov_category_id, level, seq_num, "describe", preorder_dgov_category_id, follow_dgov_category_id, tenant_id, if_delete, creator, create_tm, modifier, modify_tm, cn_abbr, biz_sys_id) VALUES (769939714294812672, 241024498575364152, '', '执行信息要素', '', '', 763708631161114624, -1, 7, '', null, null, 1, '0', 1533642897907507201, '2024-06-21 15:05:32.772293', 1533642897907507201, '2024-06-21 15:05:32.772293', '', null);



INSERT INTO ds_pub_cd_std (pub_cd_std_id, std_num, cn_name, cn_abbr, en_name, en_abbr, alias, datatype_cd, data_len, data_scale, num_rule, biz_def, biz_charge, tech_charge, mgmt_charge, secu_grade_cd, important_grade_cd, refer_std_name, ext_meta_module_json, edit_status_cd, edit_user_id, tenant_id, if_delete, creator, create_tm, modifier, modify_tm, ext_meta_module_def_id, ds_category_id, switch_status_cd, "describe", reference_pub_cd_std_id, mgmt_auth, edit_auth, biz_sys_id, code_val_type_cd, code_table_name, code_val, code_val_explain, remark) VALUES (769632550305009664, '1010101', '国内增值税', '', 'Domestic value-added tax', 'gnzzs', '', '10007', -1, -1, '', '', '{"roles": [], "users": [], "groups": [], "organizations": []}', '{"roles": [], "users": [], "groups": [], "organizations": []}', '{"roles": [], "users": [], "groups": [], "organizations": []}', '', '', '', '{}', 'effect_edit', 1533642897907507201, 1, '0', 1533642897907507201, '2024-06-20 18:44:59.000000', 1533642897907507201, '2024-06-21 14:32:17.313678', 239804159623188520, 769635437991038976, '0', '', -1, null, null, null, null, null, null, null, null);
INSERT INTO ds_pub_cd_std (pub_cd_std_id, std_num, cn_name, cn_abbr, en_name, en_abbr, alias, datatype_cd, data_len, data_scale, num_rule, biz_def, biz_charge, tech_charge, mgmt_charge, secu_grade_cd, important_grade_cd, refer_std_name, ext_meta_module_json, edit_status_cd, edit_user_id, tenant_id, if_delete, creator, create_tm, modifier, modify_tm, ext_meta_module_def_id, ds_category_id, switch_status_cd, "describe", reference_pub_cd_std_id, mgmt_auth, edit_auth, biz_sys_id, code_val_type_cd, code_table_name, code_val, code_val_explain, remark) VALUES (769882535487475712, '1050402', '专项债务收入', '', 'Special debt income', 'zxzwsw', '', '10007', -1, -1, '', '', '{"roles": [], "users": [], "groups": [], "organizations": []}', '{"roles": [], "users": [], "groups": [], "organizations": []}', '{"roles": [], "users": [], "groups": [], "organizations": []}', '', '', '', '{}', 'effect_complete', -1, 1, '0', 1533642897907507201, '2024-06-21 11:18:20.000000', 1533642897907507201, '2024-06-21 11:19:09.725599', 239804159623188520, 769882508820090880, '0', '', -1, null, null, null, null, null, null, null, null);
INSERT INTO ds_pub_cd_std (pub_cd_std_id, std_num, cn_name, cn_abbr, en_name, en_abbr, alias, datatype_cd, data_len, data_scale, num_rule, biz_def, biz_charge, tech_charge, mgmt_charge, secu_grade_cd, important_grade_cd, refer_std_name, ext_meta_module_json, edit_status_cd, edit_user_id, tenant_id, if_delete, creator, create_tm, modifier, modify_tm, ext_meta_module_def_id, ds_category_id, switch_status_cd, "describe", reference_pub_cd_std_id, mgmt_auth, edit_auth, biz_sys_id, code_val_type_cd, code_table_name, code_val, code_val_explain, remark) VALUES (769634651219300352, '1010102', '进口货物增值税', '', 'Value added tax on imports', 'jck', '', '10007', -1, -1, '', '', '{"roles": [], "users": [], "groups": [], "organizations": []}', '{"roles": [], "users": [], "groups": [], "organizations": []}', '{"roles": [], "users": [], "groups": [], "organizations": []}', '', '', '', '{}', 'effect_complete', -1, 1, '0', 1533642897907507201, '2024-06-20 18:53:19.000000', 1533642897907507201, '2024-06-21 10:55:23.260685', 239804159623188520, 769635437991038976, '0', '', -1, null, null, null, null, null, null, null, null);
INSERT INTO ds_pub_cd_std (pub_cd_std_id, std_num, cn_name, cn_abbr, en_name, en_abbr, alias, datatype_cd, data_len, data_scale, num_rule, biz_def, biz_charge, tech_charge, mgmt_charge, secu_grade_cd, important_grade_cd, refer_std_name, ext_meta_module_json, edit_status_cd, edit_user_id, tenant_id, if_delete, creator, create_tm, modifier, modify_tm, ext_meta_module_def_id, ds_category_id, switch_status_cd, "describe", reference_pub_cd_std_id, mgmt_auth, edit_auth, biz_sys_id, code_val_type_cd, code_table_name, code_val, code_val_explain, remark) VALUES (769874180878503936, '1010201', '国内消费税', '', 'Internal consumption tax', 'gnxfs', '', '10007', -1, -1, '', '', '{"roles": [], "users": [], "groups": [], "organizations": []}', '{"roles": [], "users": [], "groups": [], "organizations": []}', '{"roles": [], "users": [], "groups": [], "organizations": []}', '', '', '', '{}', 'effect_complete', -1, 1, '0', 1533642897907507201, '2024-06-21 10:45:08.000000', 1533642897907507201, '2024-06-21 10:55:37.176839', 239804159623188520, 769635598033096704, '0', '', -1, null, null, null, null, null, null, null, null);
INSERT INTO ds_pub_cd_std (pub_cd_std_id, std_num, cn_name, cn_abbr, en_name, en_abbr, alias, datatype_cd, data_len, data_scale, num_rule, biz_def, biz_charge, tech_charge, mgmt_charge, secu_grade_cd, important_grade_cd, refer_std_name, ext_meta_module_json, edit_status_cd, edit_user_id, tenant_id, if_delete, creator, create_tm, modifier, modify_tm, ext_meta_module_def_id, ds_category_id, switch_status_cd, "describe", reference_pub_cd_std_id, mgmt_auth, edit_auth, biz_sys_id, code_val_type_cd, code_table_name, code_val, code_val_explain, remark) VALUES (771678572841668608, '020111', '组织性质', '组织性质', 'Nature_of_organization', 'Nature_of_organization', '', '10007', -1, -1, '', '', '{"roles": [], "users": [], "groups": [], "organizations": []}', '{"roles": [], "users": [], "groups": [], "organizations": []}', '{"roles": [], "users": [], "groups": [], "organizations": []}', '', '', '', '{}', 'effect_complete', -1, 1, '0', 1533642897907507201, '2024-06-26 10:15:08.000000', 1533642897907507201, '2024-06-26 11:11:30.571394', 239804159623188520, 771678555355615232, '0', '', -1, null, null, null, null, null, null, null, null);
INSERT INTO ds_pub_cd_std (pub_cd_std_id, std_num, cn_name, cn_abbr, en_name, en_abbr, alias, datatype_cd, data_len, data_scale, num_rule, biz_def, biz_charge, tech_charge, mgmt_charge, secu_grade_cd, important_grade_cd, refer_std_name, ext_meta_module_json, edit_status_cd, edit_user_id, tenant_id, if_delete, creator, create_tm, modifier, modify_tm, ext_meta_module_def_id, ds_category_id, switch_status_cd, "describe", reference_pub_cd_std_id, mgmt_auth, edit_auth, biz_sys_id, code_val_type_cd, code_table_name, code_val, code_val_explain, remark) VALUES (771694081171656704, '020106', '组织机构类型', '组织机构类型', 'Organization_type', 'Organization_type', '', '10007', -1, -1, '', '', '{"roles": [], "users": [], "groups": [], "organizations": []}', '{"roles": [], "users": [], "groups": [], "organizations": []}', '{"roles": [], "users": [], "groups": [], "organizations": []}', '', '', '', '{}', 'effect_complete', -1, 1, '0', 1533642897907507201, '2024-06-26 11:16:46.000000', 1533642897907507201, '2024-06-26 11:39:23.092799', 239804159623188520, 771678555355615232, '0', '', -1, null, null, null, null, null, null, null, null);
INSERT INTO ds_pub_cd_std (pub_cd_std_id, std_num, cn_name, cn_abbr, en_name, en_abbr, alias, datatype_cd, data_len, data_scale, num_rule, biz_def, biz_charge, tech_charge, mgmt_charge, secu_grade_cd, important_grade_cd, refer_std_name, ext_meta_module_json, edit_status_cd, edit_user_id, tenant_id, if_delete, creator, create_tm, modifier, modify_tm, ext_meta_module_def_id, ds_category_id, switch_status_cd, "describe", reference_pub_cd_std_id, mgmt_auth, edit_auth, biz_sys_id, code_val_type_cd, code_table_name, code_val, code_val_explain, remark) VALUES (771780479346151424, '020113', '三保标识目录', '三保标识目录', 'Catalogue_of_three_guarantees', 'Catalogue_of_three_guarantees', '', '10007', -1, -1, '', '', '{"roles": [], "users": [], "groups": [], "organizations": []}', '{"roles": [], "users": [], "groups": [], "organizations": []}', '{"roles": [], "users": [], "groups": [], "organizations": []}', '', '', '', '{}', 'effect_complete', -1, 1, '0', 1533642897907507201, '2024-06-26 17:00:05.000000', 1533642897907507201, '2024-06-26 17:11:35.913440', 239804159623188520, 763709620240912384, '0', '', -1, null, null, null, null, null, null, null, null);
INSERT INTO ds_pub_cd_std (pub_cd_std_id, std_num, cn_name, cn_abbr, en_name, en_abbr, alias, datatype_cd, data_len, data_scale, num_rule, biz_def, biz_charge, tech_charge, mgmt_charge, secu_grade_cd, important_grade_cd, refer_std_name, ext_meta_module_json, edit_status_cd, edit_user_id, tenant_id, if_delete, creator, create_tm, modifier, modify_tm, ext_meta_module_def_id, ds_category_id, switch_status_cd, "describe", reference_pub_cd_std_id, mgmt_auth, edit_auth, biz_sys_id, code_val_type_cd, code_table_name, code_val, code_val_explain, remark) VALUES (771747901650112512, '020012', '项目建设状态代码', '项目建设状态代码', 'Project_construction_status_code', 'Project_construction_status_code', '', '10007', -1, -1, '', '', '{"roles": [], "users": [], "groups": [], "organizations": []}', '{"roles": [], "users": [], "groups": [], "organizations": []}', '{"roles": [], "users": [], "groups": [], "organizations": []}', '', '', '', '{}', 'effect_complete', -1, 1, '0', 1533642897907507201, '2024-06-26 14:50:38.000000', 1533642897907507201, '2024-06-26 14:52:41.405281', 239804159623188520, 771678555355615232, '0', '', -1, null, null, null, null, null, null, null, null);
INSERT INTO ds_pub_cd_std (pub_cd_std_id, std_num, cn_name, cn_abbr, en_name, en_abbr, alias, datatype_cd, data_len, data_scale, num_rule, biz_def, biz_charge, tech_charge, mgmt_charge, secu_grade_cd, important_grade_cd, refer_std_name, ext_meta_module_json, edit_status_cd, edit_user_id, tenant_id, if_delete, creator, create_tm, modifier, modify_tm, ext_meta_module_def_id, ds_category_id, switch_status_cd, "describe", reference_pub_cd_std_id, mgmt_auth, edit_auth, biz_sys_id, code_val_type_cd, code_table_name, code_val, code_val_explain, remark) VALUES (771747487743610880, '020009', '项目类别', '项目类别', 'Project_category', 'Project_category', '', '10007', -1, -1, '', '', '{"roles": [], "users": [], "groups": [], "organizations": []}', '{"roles": [], "users": [], "groups": [], "organizations": []}', '{"roles": [], "users": [], "groups": [], "organizations": []}', '', '', '', '{}', 'effect_complete', -1, 1, '0', 1533642897907507201, '2024-06-26 14:48:59.000000', 1533642897907507201, '2024-06-26 14:50:25.381055', 239804159623188520, 771678555355615232, '0', '', -1, null, null, null, null, null, null, null, null);
INSERT INTO ds_pub_cd_std (pub_cd_std_id, std_num, cn_name, cn_abbr, en_name, en_abbr, alias, datatype_cd, data_len, data_scale, num_rule, biz_def, biz_charge, tech_charge, mgmt_charge, secu_grade_cd, important_grade_cd, refer_std_name, ext_meta_module_json, edit_status_cd, edit_user_id, tenant_id, if_delete, creator, create_tm, modifier, modify_tm, ext_meta_module_def_id, ds_category_id, switch_status_cd, "describe", reference_pub_cd_std_id, mgmt_auth, edit_auth, biz_sys_id, code_val_type_cd, code_table_name, code_val, code_val_explain, remark) VALUES (771780138277933056, '020029', '实事项目类型', '实事项目类型', 'FactItemtype', 'FactItemtype', '', '10007', -1, -1, '', '', '{"roles": [], "users": [], "groups": [], "organizations": []}', '{"roles": [], "users": [], "groups": [], "organizations": []}', '{"roles": [], "users": [], "groups": [], "organizations": []}', '', '', '', '{}', 'effect_complete', -1, 1, '0', 1533642897907507201, '2024-06-26 16:58:43.000000', 1533642897907507201, '2024-06-26 16:59:40.171297', 239804159623188520, 771678555355615232, '0', '', -1, null, null, null, null, null, null, null, null);
INSERT INTO ds_pub_cd_std (pub_cd_std_id, std_num, cn_name, cn_abbr, en_name, en_abbr, alias, datatype_cd, data_len, data_scale, num_rule, biz_def, biz_charge, tech_charge, mgmt_charge, secu_grade_cd, important_grade_cd, refer_std_name, ext_meta_module_json, edit_status_cd, edit_user_id, tenant_id, if_delete, creator, create_tm, modifier, modify_tm, ext_meta_module_def_id, ds_category_id, switch_status_cd, "describe", reference_pub_cd_std_id, mgmt_auth, edit_auth, biz_sys_id, code_val_type_cd, code_table_name, code_val, code_val_explain, remark) VALUES (771746986448785408, '020025', '项目资产权属', '项目资产权属', 'Ownership_of_project_assets', 'Ownership_of_project_assets', '', '10007', -1, -1, '', '', '{"roles": [], "users": [], "groups": [], "organizations": []}', '{"roles": [], "users": [], "groups": [], "organizations": []}', '{"roles": [], "users": [], "groups": [], "organizations": []}', '', '', '', '{}', 'effect_complete', -1, 1, '0', 1533642897907507201, '2024-06-26 14:46:59.000000', 1533642897907507201, '2024-06-26 14:48:30.957890', 239804159623188520, 771678555355615232, '0', '', -1, null, null, null, null, null, null, null, null);
INSERT INTO ds_pub_cd_std (pub_cd_std_id, std_num, cn_name, cn_abbr, en_name, en_abbr, alias, datatype_cd, data_len, data_scale, num_rule, biz_def, biz_charge, tech_charge, mgmt_charge, secu_grade_cd, important_grade_cd, refer_std_name, ext_meta_module_json, edit_status_cd, edit_user_id, tenant_id, if_delete, creator, create_tm, modifier, modify_tm, ext_meta_module_def_id, ds_category_id, switch_status_cd, "describe", reference_pub_cd_std_id, mgmt_auth, edit_auth, biz_sys_id, code_val_type_cd, code_table_name, code_val, code_val_explain, remark) VALUES (771746296758407168, '020035', '性别', '性别', 'sex', 'sex', '', '10007', -1, -1, '', '', '{"roles": [], "users": [], "groups": [], "organizations": []}', '{"roles": [], "users": [], "groups": [], "organizations": []}', '{"roles": [], "users": [], "groups": [], "organizations": []}', '', '', '', '{}', 'effect_complete', -1, 1, '0', 1533642897907507201, '2024-06-26 14:44:15.000000', 1533642897907507201, '2024-06-26 14:45:05.604466', 239804159623188520, 771678555355615232, '0', '', -1, null, null, null, null, null, null, null, null);
INSERT INTO ds_pub_cd_std (pub_cd_std_id, std_num, cn_name, cn_abbr, en_name, en_abbr, alias, datatype_cd, data_len, data_scale, num_rule, biz_def, biz_charge, tech_charge, mgmt_charge, secu_grade_cd, important_grade_cd, refer_std_name, ext_meta_module_json, edit_status_cd, edit_user_id, tenant_id, if_delete, creator, create_tm, modifier, modify_tm, ext_meta_module_def_id, ds_category_id, switch_status_cd, "describe", reference_pub_cd_std_id, mgmt_auth, edit_auth, biz_sys_id, code_val_type_cd, code_table_name, code_val, code_val_explain, remark) VALUES (771741244744404992, '020037', '学历', '学历', 'Degree', 'Degree', '', '10007', -1, -1, '', '', '{"roles": [], "users": [], "groups": [], "organizations": []}', '{"roles": [], "users": [], "groups": [], "organizations": []}', '{"roles": [], "users": [], "groups": [], "organizations": []}', '', '', '', '{}', 'effect_complete', -1, 1, '0', 1533642897907507201, '2024-06-26 14:24:10.000000', 1533642897907507201, '2024-06-26 14:39:06.284557', 239804159623188520, 771678555355615232, '0', '', -1, null, null, null, null, null, null, null, null);
INSERT INTO ds_pub_cd_std (pub_cd_std_id, std_num, cn_name, cn_abbr, en_name, en_abbr, alias, datatype_cd, data_len, data_scale, num_rule, biz_def, biz_charge, tech_charge, mgmt_charge, secu_grade_cd, important_grade_cd, refer_std_name, ext_meta_module_json, edit_status_cd, edit_user_id, tenant_id, if_delete, creator, create_tm, modifier, modify_tm, ext_meta_module_def_id, ds_category_id, switch_status_cd, "describe", reference_pub_cd_std_id, mgmt_auth, edit_auth, biz_sys_id, code_val_type_cd, code_table_name, code_val, code_val_explain, remark) VALUES (771730929185067008, '020022', '支付方式', '支付方式', 'PaymentMethods', 'PaymentMethods', '', '10007', -1, -1, '', '', '{"roles": [], "users": [], "groups": [], "organizations": []}', '{"roles": [], "users": [], "groups": [], "organizations": []}', '{"roles": [], "users": [], "groups": [], "organizations": []}', '', '', '', '{}', 'effect_complete', -1, 1, '0', 1533642897907507201, '2024-06-26 13:43:11.000000', 1533642897907507201, '2024-06-26 13:48:40.773498', 239804159623188520, 771678555355615232, '0', '', -1, null, null, null, null, null, null, null, null);
INSERT INTO ds_pub_cd_std (pub_cd_std_id, std_num, cn_name, cn_abbr, en_name, en_abbr, alias, datatype_cd, data_len, data_scale, num_rule, biz_def, biz_charge, tech_charge, mgmt_charge, secu_grade_cd, important_grade_cd, refer_std_name, ext_meta_module_json, edit_status_cd, edit_user_id, tenant_id, if_delete, creator, create_tm, modifier, modify_tm, ext_meta_module_def_id, ds_category_id, switch_status_cd, "describe", reference_pub_cd_std_id, mgmt_auth, edit_auth, biz_sys_id, code_val_type_cd, code_table_name, code_val, code_val_explain, remark) VALUES (771732384906350592, '020010', '政府投资项目类型', '政府投资项目类型', 'Types_of_government_investment_projects', 'Types_of_government_investment_projects', '', '10007', -1, -1, '', '', '{"roles": [], "users": [], "groups": [], "organizations": []}', '{"roles": [], "users": [], "groups": [], "organizations": []}', '{"roles": [], "users": [], "groups": [], "organizations": []}', '', '', '', '{}', 'effect_complete', -1, 1, '0', 1533642897907507201, '2024-06-26 13:48:58.000000', 1533642897907507201, '2024-06-26 14:13:08.305715', 239804159623188520, 771678555355615232, '0', '', -1, null, null, null, null, null, null, null, null);
INSERT INTO ds_pub_cd_std (pub_cd_std_id, std_num, cn_name, cn_abbr, en_name, en_abbr, alias, datatype_cd, data_len, data_scale, num_rule, biz_def, biz_charge, tech_charge, mgmt_charge, secu_grade_cd, important_grade_cd, refer_std_name, ext_meta_module_json, edit_status_cd, edit_user_id, tenant_id, if_delete, creator, create_tm, modifier, modify_tm, ext_meta_module_def_id, ds_category_id, switch_status_cd, "describe", reference_pub_cd_std_id, mgmt_auth, edit_auth, biz_sys_id, code_val_type_cd, code_table_name, code_val, code_val_explain, remark) VALUES (771740000214716416, '020011', '证件类型', '证件类型', 'The_type_of_document', 'The_type_of_document', '', '10007', -1, -1, '', '', '{"roles": [], "users": [], "groups": [], "organizations": []}', '{"roles": [], "users": [], "groups": [], "organizations": []}', '{"roles": [], "users": [], "groups": [], "organizations": []}', '', '', '', '{}', 'effect_complete', -1, 1, '0', 1533642897907507201, '2024-06-26 14:19:14.000000', 1533642897907507201, '2024-06-26 14:22:32.288373', 239804159623188520, 763709620240912384, '0', '', -1, null, null, null, null, null, null, null, null);
INSERT INTO ds_pub_cd_std (pub_cd_std_id, std_num, cn_name, cn_abbr, en_name, en_abbr, alias, datatype_cd, data_len, data_scale, num_rule, biz_def, biz_charge, tech_charge, mgmt_charge, secu_grade_cd, important_grade_cd, refer_std_name, ext_meta_module_json, edit_status_cd, edit_user_id, tenant_id, if_delete, creator, create_tm, modifier, modify_tm, ext_meta_module_def_id, ds_category_id, switch_status_cd, "describe", reference_pub_cd_std_id, mgmt_auth, edit_auth, biz_sys_id, code_val_type_cd, code_table_name, code_val, code_val_explain, remark) VALUES (771729802649538560, '020028', '重点项目类型', '重点项目类型', 'The_type_of_key_project', 'The_type_of_key_project', '', '10007', -1, -1, '', '', '{"roles": [], "users": [], "groups": [], "organizations": []}', '{"roles": [], "users": [], "groups": [], "organizations": []}', '{"roles": [], "users": [], "groups": [], "organizations": []}', '', '', '', '{}', 'effect_complete', -1, 1, '0', 1533642897907507201, '2024-06-26 13:38:42.000000', 1533642897907507201, '2024-06-26 13:42:04.223073', 239804159623188520, 771678555355615232, '0', '', -1, null, null, null, null, null, null, null, null);
INSERT INTO ds_pub_cd_std (pub_cd_std_id, std_num, cn_name, cn_abbr, en_name, en_abbr, alias, datatype_cd, data_len, data_scale, num_rule, biz_def, biz_charge, tech_charge, mgmt_charge, secu_grade_cd, important_grade_cd, refer_std_name, ext_meta_module_json, edit_status_cd, edit_user_id, tenant_id, if_delete, creator, create_tm, modifier, modify_tm, ext_meta_module_def_id, ds_category_id, switch_status_cd, "describe", reference_pub_cd_std_id, mgmt_auth, edit_auth, biz_sys_id, code_val_type_cd, code_table_name, code_val, code_val_explain, remark) VALUES (771700121325932544, '020024', '资产状态', '资产状态', 'Asset_status', 'Asset_status', '', '10007', -1, -1, '', '', '{"roles": [], "users": [], "groups": [], "organizations": []}', '{"roles": [], "users": [], "groups": [], "organizations": []}', '{"roles": [], "users": [], "groups": [], "organizations": []}', '', '', '', '{}', 'effect_complete', -1, 1, '0', 1533642897907507201, '2024-06-26 11:40:46.000000', 1533642897907507201, '2024-06-27 11:13:42.861526', 239804159623188520, 771678555355615232, '0', '', -1, null, null, null, null, null, null, null, null);


INSERT INTO ds_pub_cd_detail (pub_cd_detail_id, pub_cd_std_id, value_num, cn_name, en_name, "describe", parent_pub_cd_detail_id, tenant_id, if_delete, creator, create_tm, modifier, modify_tm, cn_abbr, en_abbr) VALUES (771746437762519040, 771746296758407168, '1', '男', '', '', -1, 1, '0', 1533642897907507201, '2024-06-26 14:44:15.000000', 1533642897907507201, '2024-06-26 14:44:49.167307', '', '');
INSERT INTO ds_pub_cd_detail (pub_cd_detail_id, pub_cd_std_id, value_num, cn_name, en_name, "describe", parent_pub_cd_detail_id, tenant_id, if_delete, creator, create_tm, modifier, modify_tm, cn_abbr, en_abbr) VALUES (771746476945707008, 771746296758407168, '2', '女', '', '', -1, 1, '0', 1533642897907507201, '2024-06-26 14:44:15.000000', 1533642897907507201, '2024-06-26 14:44:58.520083', '', '');
INSERT INTO ds_pub_cd_detail (pub_cd_detail_id, pub_cd_std_id, value_num, cn_name, en_name, "describe", parent_pub_cd_detail_id, tenant_id, if_delete, creator, create_tm, modifier, modify_tm, cn_abbr, en_abbr) VALUES (771741462332313600, 771741244744404992, '10', '研究生', '', '', -1, 1, '0', 1533642897907507201, '2024-06-26 14:24:10.000000', 1533642897907507201, '2024-06-26 14:25:02.933579', '', '');
INSERT INTO ds_pub_cd_detail (pub_cd_detail_id, pub_cd_std_id, value_num, cn_name, en_name, "describe", parent_pub_cd_detail_id, tenant_id, if_delete, creator, create_tm, modifier, modify_tm, cn_abbr, en_abbr) VALUES (771741511833489408, 771741244744404992, '12', '博士后', '', '', -1, 1, '0', 1533642897907507201, '2024-06-26 14:24:10.000000', 1533642897907507201, '2024-06-26 14:25:14.728794', '', '');
INSERT INTO ds_pub_cd_detail (pub_cd_detail_id, pub_cd_std_id, value_num, cn_name, en_name, "describe", parent_pub_cd_detail_id, tenant_id, if_delete, creator, create_tm, modifier, modify_tm, cn_abbr, en_abbr) VALUES (771741564144848896, 771741244744404992, '13', '博士', '', '', -1, 1, '0', 1533642897907507201, '2024-06-26 14:24:10.000000', 1533642897907507201, '2024-06-26 14:25:27.206112', '', '');
INSERT INTO ds_pub_cd_detail (pub_cd_detail_id, pub_cd_std_id, value_num, cn_name, en_name, "describe", parent_pub_cd_detail_id, tenant_id, if_delete, creator, create_tm, modifier, modify_tm, cn_abbr, en_abbr) VALUES (771741676099211264, 771741244744404992, '14', '硕士', '', '', -1, 1, '0', 1533642897907507201, '2024-06-26 14:24:10.000000', 1533642897907507201, '2024-06-26 14:25:53.893917', '', '');
INSERT INTO ds_pub_cd_detail (pub_cd_detail_id, pub_cd_std_id, value_num, cn_name, en_name, "describe", parent_pub_cd_detail_id, tenant_id, if_delete, creator, create_tm, modifier, modify_tm, cn_abbr, en_abbr) VALUES (771741728679006208, 771741244744404992, '20', '大学本科', '', '', -1, 1, '0', 1533642897907507201, '2024-06-26 14:24:10.000000', 1533642897907507201, '2024-06-26 14:26:06.442147', '', '');
INSERT INTO ds_pub_cd_detail (pub_cd_detail_id, pub_cd_std_id, value_num, cn_name, en_name, "describe", parent_pub_cd_detail_id, tenant_id, if_delete, creator, create_tm, modifier, modify_tm, cn_abbr, en_abbr) VALUES (771742041737662464, 771741244744404992, '21', '大学毕业', '', '', -1, 1, '0', 1533642897907507201, '2024-06-26 14:24:10.000000', 1533642897907507201, '2024-06-26 14:27:21.091291', '', '');
INSERT INTO ds_pub_cd_detail (pub_cd_detail_id, pub_cd_std_id, value_num, cn_name, en_name, "describe", parent_pub_cd_detail_id, tenant_id, if_delete, creator, create_tm, modifier, modify_tm, cn_abbr, en_abbr) VALUES (771742094535561216, 771741244744404992, '28', '相当大学毕业', '', '', -1, 1, '0', 1533642897907507201, '2024-06-26 14:24:10.000000', 1533642897907507201, '2024-06-26 14:27:33.658625', '', '');
INSERT INTO ds_pub_cd_detail (pub_cd_detail_id, pub_cd_std_id, value_num, cn_name, en_name, "describe", parent_pub_cd_detail_id, tenant_id, if_delete, creator, create_tm, modifier, modify_tm, cn_abbr, en_abbr) VALUES (771742326950334464, 771741244744404992, '29', '大学肄业', '', '', -1, 1, '0', 1533642897907507201, '2024-06-26 14:24:10.000000', 1533642897907507201, '2024-06-26 14:28:29.065592', '', '');
INSERT INTO ds_pub_cd_detail (pub_cd_detail_id, pub_cd_std_id, value_num, cn_name, en_name, "describe", parent_pub_cd_detail_id, tenant_id, if_delete, creator, create_tm, modifier, modify_tm, cn_abbr, en_abbr) VALUES (771742381384011776, 771741244744404992, '30', '大学专科和专科学校', '', '', -1, 1, '0', 1533642897907507201, '2024-06-26 14:24:10.000000', 1533642897907507201, '2024-06-26 14:28:42.053790', '', '');
INSERT INTO ds_pub_cd_detail (pub_cd_detail_id, pub_cd_std_id, value_num, cn_name, en_name, "describe", parent_pub_cd_detail_id, tenant_id, if_delete, creator, create_tm, modifier, modify_tm, cn_abbr, en_abbr) VALUES (771742427303251968, 771741244744404992, '31', '专科毕业', '', '', -1, 1, '0', 1533642897907507201, '2024-06-26 14:24:10.000000', 1533642897907507201, '2024-06-26 14:28:52.995784', '', '');
INSERT INTO ds_pub_cd_detail (pub_cd_detail_id, pub_cd_std_id, value_num, cn_name, en_name, "describe", parent_pub_cd_detail_id, tenant_id, if_delete, creator, create_tm, modifier, modify_tm, cn_abbr, en_abbr) VALUES (771742502540677120, 771741244744404992, '39', '专科肄业', '', '', -1, 1, '0', 1533642897907507201, '2024-06-26 14:24:10.000000', 1533642897907507201, '2024-06-26 14:29:10.936504', '', '');
INSERT INTO ds_pub_cd_detail (pub_cd_detail_id, pub_cd_std_id, value_num, cn_name, en_name, "describe", parent_pub_cd_detail_id, tenant_id, if_delete, creator, create_tm, modifier, modify_tm, cn_abbr, en_abbr) VALUES (771742651342000128, 771741244744404992, '41', '中专毕业', '', '', -1, 1, '0', 1533642897907507201, '2024-06-26 14:24:10.000000', 1533642897907507201, '2024-06-26 14:29:46.456096', '', '');
INSERT INTO ds_pub_cd_detail (pub_cd_detail_id, pub_cd_std_id, value_num, cn_name, en_name, "describe", parent_pub_cd_detail_id, tenant_id, if_delete, creator, create_tm, modifier, modify_tm, cn_abbr, en_abbr) VALUES (771742741167214592, 771741244744404992, '48', '相当中专或中技毕业', '', '', -1, 1, '0', 1533642897907507201, '2024-06-26 14:24:10.000000', 1533642897907507201, '2024-06-26 14:30:07.826187', '', '');
INSERT INTO ds_pub_cd_detail (pub_cd_detail_id, pub_cd_std_id, value_num, cn_name, en_name, "describe", parent_pub_cd_detail_id, tenant_id, if_delete, creator, create_tm, modifier, modify_tm, cn_abbr, en_abbr) VALUES (771742874298617856, 771741244744404992, '51', '技校毕业', '', '', -1, 1, '0', 1533642897907507201, '2024-06-26 14:24:10.000000', 1533642897907507201, '2024-06-26 14:30:39.581908', '', '');
INSERT INTO ds_pub_cd_detail (pub_cd_detail_id, pub_cd_std_id, value_num, cn_name, en_name, "describe", parent_pub_cd_detail_id, tenant_id, if_delete, creator, create_tm, modifier, modify_tm, cn_abbr, en_abbr) VALUES (771743241233108992, 771741244744404992, '60', '高中', '', '', -1, 1, '0', 1533642897907507201, '2024-06-26 14:24:10.000000', 1533642897907507201, '2024-06-26 14:32:07.053657', '', '');
INSERT INTO ds_pub_cd_detail (pub_cd_detail_id, pub_cd_std_id, value_num, cn_name, en_name, "describe", parent_pub_cd_detail_id, tenant_id, if_delete, creator, create_tm, modifier, modify_tm, cn_abbr, en_abbr) VALUES (771743321788911616, 771741244744404992, '62', '职高毕业', '', '', -1, 1, '0', 1533642897907507201, '2024-06-26 14:24:10.000000', 1533642897907507201, '2024-06-26 14:32:26.262151', '', '');
INSERT INTO ds_pub_cd_detail (pub_cd_detail_id, pub_cd_std_id, value_num, cn_name, en_name, "describe", parent_pub_cd_detail_id, tenant_id, if_delete, creator, create_tm, modifier, modify_tm, cn_abbr, en_abbr) VALUES (771743399601639424, 771741244744404992, '68', '相当高中毕业', '', '', -1, 1, '0', 1533642897907507201, '2024-06-26 14:24:10.000000', 1533642897907507201, '2024-06-26 14:32:44.805024', '', '');
INSERT INTO ds_pub_cd_detail (pub_cd_detail_id, pub_cd_std_id, value_num, cn_name, en_name, "describe", parent_pub_cd_detail_id, tenant_id, if_delete, creator, create_tm, modifier, modify_tm, cn_abbr, en_abbr) VALUES (769633220005335040, 769632550305009664, '101010106', '私营企业增值税', 'Private enterprise VAT', '', -1, 1, '0', 1533642897907507201, '2024-06-20 18:58:16.000000', 1533642897907507201, '2024-06-21 10:53:00.447678', '', '');
INSERT INTO ds_pub_cd_detail (pub_cd_detail_id, pub_cd_std_id, value_num, cn_name, en_name, "describe", parent_pub_cd_detail_id, tenant_id, if_delete, creator, create_tm, modifier, modify_tm, cn_abbr, en_abbr) VALUES (769632871630639104, 769632550305009664, '101010103', '股份制企业增值税', 'Value-added tax of joint-stock enterprise', '', -1, 1, '0', 1533642897907507201, '2024-06-20 18:58:16.000000', 1533642897907507201, '2024-06-21 10:52:47.715103', '', '');
INSERT INTO ds_pub_cd_detail (pub_cd_detail_id, pub_cd_std_id, value_num, cn_name, en_name, "describe", parent_pub_cd_detail_id, tenant_id, if_delete, creator, create_tm, modifier, modify_tm, cn_abbr, en_abbr) VALUES (769632804182036480, 769632550305009664, '101010102', '集体企业增值税', 'VAT on collective enterprise', '', -1, 1, '0', 1533642897907507201, '2024-06-20 18:58:16.000000', 1533642897907507201, '2024-06-21 10:52:43.801140', '', '');
INSERT INTO ds_pub_cd_detail (pub_cd_detail_id, pub_cd_std_id, value_num, cn_name, en_name, "describe", parent_pub_cd_detail_id, tenant_id, if_delete, creator, create_tm, modifier, modify_tm, cn_abbr, en_abbr) VALUES (769633597450752000, 769632550305009664, '101010118', '中国国家铁路集团有限公司改征增值税收入', 'China National Railway Group Co., Ltd. changed the VAT revenue', '', -1, 1, '0', 1533642897907507201, '2024-06-20 18:58:16.000000', 1533642897907507201, '2024-06-21 10:53:09.031585', '', '');
INSERT INTO ds_pub_cd_detail (pub_cd_detail_id, pub_cd_std_id, value_num, cn_name, en_name, "describe", parent_pub_cd_detail_id, tenant_id, if_delete, creator, create_tm, modifier, modify_tm, cn_abbr, en_abbr) VALUES (769633042263314432, 769632550305009664, '101010105', '港澳台和外贸投资企业增值税', 'VAT on Hong Kong, Macao, Taiwan and foreign-invested enterprises', '', -1, 1, '0', 1533642897907507201, '2024-06-20 18:58:16.000000', 1533642897907507201, '2024-06-21 10:52:55.396619', '', '');
INSERT INTO ds_pub_cd_detail (pub_cd_detail_id, pub_cd_std_id, value_num, cn_name, en_name, "describe", parent_pub_cd_detail_id, tenant_id, if_delete, creator, create_tm, modifier, modify_tm, cn_abbr, en_abbr) VALUES (769632954405228544, 769632550305009664, '101010104', '联营企业增值税', 'VAT on associated enterprises', '', -1, 1, '0', 1533642897907507201, '2024-06-20 18:58:16.000000', 1533642897907507201, '2024-06-21 10:52:51.559181', '', '');
INSERT INTO ds_pub_cd_detail (pub_cd_detail_id, pub_cd_std_id, value_num, cn_name, en_name, "describe", parent_pub_cd_detail_id, tenant_id, if_delete, creator, create_tm, modifier, modify_tm, cn_abbr, en_abbr) VALUES (769633387538419712, 769632550305009664, '101010117', '中国国家铁路集团有限公司改征增值税待分配收入', 'China National Railway Group Co., Ltd. changed the value-added tax to be distributed income', '', -1, 1, '0', 1533642897907507201, '2024-06-20 18:58:16.000000', 1533642897907507201, '2024-06-21 10:53:04.664679', '', '');
INSERT INTO ds_pub_cd_detail (pub_cd_detail_id, pub_cd_std_id, value_num, cn_name, en_name, "describe", parent_pub_cd_detail_id, tenant_id, if_delete, creator, create_tm, modifier, modify_tm, cn_abbr, en_abbr) VALUES (769632743888916480, 769632550305009664, '101010101', '国有企业增值税', 'VAT on state-owned enterprises', '', -1, 1, '0', 1533642897907507201, '2024-06-20 18:58:16.000000', 1533642897907507201, '2024-06-21 10:52:26.179181', '', '');
INSERT INTO ds_pub_cd_detail (pub_cd_detail_id, pub_cd_std_id, value_num, cn_name, en_name, "describe", parent_pub_cd_detail_id, tenant_id, if_delete, creator, create_tm, modifier, modify_tm, cn_abbr, en_abbr) VALUES (769633762563723264, 769632550305009664, '101010119', '其他增值税', 'Other VAT', '', -1, 1, '0', 1533642897907507201, '2024-06-20 18:58:16.000000', 1533642897907507201, '2024-06-21 10:53:15.149104', '', '');
INSERT INTO ds_pub_cd_detail (pub_cd_detail_id, pub_cd_std_id, value_num, cn_name, en_name, "describe", parent_pub_cd_detail_id, tenant_id, if_delete, creator, create_tm, modifier, modify_tm, cn_abbr, en_abbr) VALUES (769635009219923968, 769634651219300352, '101010220', '进口货物增值税税款滞纳金、罚款收入', 'Income from late payment of value-added tax and fines on imported goods', '', -1, 1, '0', 1533642897907507201, '2024-06-21 10:54:22.000000', 1533642897907507201, '2024-06-21 10:55:03.198679', '', '');
INSERT INTO ds_pub_cd_detail (pub_cd_detail_id, pub_cd_std_id, value_num, cn_name, en_name, "describe", parent_pub_cd_detail_id, tenant_id, if_delete, creator, create_tm, modifier, modify_tm, cn_abbr, en_abbr) VALUES (769634873299308544, 769634651219300352, '101010201', '进口货物增值税', 'Value added tax on imports', '', -1, 1, '0', 1533642897907507201, '2024-06-21 10:54:22.000000', 1533642897907507201, '2024-06-21 10:54:53.831118', '', '');
INSERT INTO ds_pub_cd_detail (pub_cd_detail_id, pub_cd_std_id, value_num, cn_name, en_name, "describe", parent_pub_cd_detail_id, tenant_id, if_delete, creator, create_tm, modifier, modify_tm, cn_abbr, en_abbr) VALUES (769633869094850560, 769632550305009664, '101010120', '增值税税款滞纳金、罚款收入', 'Income from late payment of VAT taxes and fines', '', -1, 1, '0', 1533642897907507201, '2024-06-20 18:58:16.000000', 1533642897907507201, '2024-06-21 10:53:19.297254', '', '');
INSERT INTO ds_pub_cd_detail (pub_cd_detail_id, pub_cd_std_id, value_num, cn_name, en_name, "describe", parent_pub_cd_detail_id, tenant_id, if_delete, creator, create_tm, modifier, modify_tm, cn_abbr, en_abbr) VALUES (769634396885094400, 769632550305009664, '101010122', '软件增值税退税', 'Software VAT refund', '', -1, 1, '0', 1533642897907507201, '2024-06-20 18:58:16.000000', 1533642897907507201, '2024-06-21 10:53:27.448445', '', '');
INSERT INTO ds_pub_cd_detail (pub_cd_detail_id, pub_cd_std_id, value_num, cn_name, en_name, "describe", parent_pub_cd_detail_id, tenant_id, if_delete, creator, create_tm, modifier, modify_tm, cn_abbr, en_abbr) VALUES (769634299765985280, 769632550305009664, '101010121', '残疾人就业增值税退税', 'VAT refund on employment of persons with disabilities', '', -1, 1, '0', 1533642897907507201, '2024-06-20 18:58:16.000000', 1533642897907507201, '2024-06-21 10:53:23.469359', '', '');
INSERT INTO ds_pub_cd_detail (pub_cd_detail_id, pub_cd_std_id, value_num, cn_name, en_name, "describe", parent_pub_cd_detail_id, tenant_id, if_delete, creator, create_tm, modifier, modify_tm, cn_abbr, en_abbr) VALUES (769635123594399744, 769634651219300352, '101010221', '进口货物退增值税', 'VAT refund on imported goods', '', -1, 1, '0', 1533642897907507201, '2024-06-21 10:54:22.000000', 1533642897907507201, '2024-06-21 10:55:08.116965', '', '');
INSERT INTO ds_pub_cd_detail (pub_cd_detail_id, pub_cd_std_id, value_num, cn_name, en_name, "describe", parent_pub_cd_detail_id, tenant_id, if_delete, creator, create_tm, modifier, modify_tm, cn_abbr, en_abbr) VALUES (769874543589330944, 769874180878503936, '101020102', '集体企业消费税', 'Collective enterprise consumption tax', '', -1, 1, '0', 1533642897907507201, '2024-06-21 10:45:08.000000', 1533642897907507201, '2024-06-21 10:46:34.809246', '', '');
INSERT INTO ds_pub_cd_detail (pub_cd_detail_id, pub_cd_std_id, value_num, cn_name, en_name, "describe", parent_pub_cd_detail_id, tenant_id, if_delete, creator, create_tm, modifier, modify_tm, cn_abbr, en_abbr) VALUES (769874688057937920, 769874180878503936, '101020105', '港澳台和外商投资企业消费税', 'Consumption tax for Hong Kong, Macao, Taiwan and foreign-invested enterprises', '', -1, 1, '0', 1533642897907507201, '2024-06-21 10:45:08.000000', 1533642897907507201, '2024-06-21 10:47:09.254103', '', '');
INSERT INTO ds_pub_cd_detail (pub_cd_detail_id, pub_cd_std_id, value_num, cn_name, en_name, "describe", parent_pub_cd_detail_id, tenant_id, if_delete, creator, create_tm, modifier, modify_tm, cn_abbr, en_abbr) VALUES (769874773961478144, 769874180878503936, '101020107', '成品油消费税', 'Excise tax on refined oil products', '', -1, 1, '0', 1533642897907507201, '2024-06-21 10:45:08.000000', 1533642897907507201, '2024-06-21 10:47:29.731897', '', '');
INSERT INTO ds_pub_cd_detail (pub_cd_detail_id, pub_cd_std_id, value_num, cn_name, en_name, "describe", parent_pub_cd_detail_id, tenant_id, if_delete, creator, create_tm, modifier, modify_tm, cn_abbr, en_abbr) VALUES (769874896024113152, 769874180878503936, '101020120', '消费税税款滞纳金、罚款收入', 'Income from late payment of excise tax and fine', '', -1, 1, '0', 1533642897907507201, '2024-06-21 10:45:08.000000', 1533642897907507201, '2024-06-21 10:47:58.836579', '', '');
INSERT INTO ds_pub_cd_detail (pub_cd_detail_id, pub_cd_std_id, value_num, cn_name, en_name, "describe", parent_pub_cd_detail_id, tenant_id, if_delete, creator, create_tm, modifier, modify_tm, cn_abbr, en_abbr) VALUES (769874822447632384, 769874180878503936, '101020119', '其他消费税', 'Other consumption tax', '', -1, 1, '0', 1533642897907507201, '2024-06-21 10:45:08.000000', 1533642897907507201, '2024-06-21 10:47:41.295606', '', '');
INSERT INTO ds_pub_cd_detail (pub_cd_detail_id, pub_cd_std_id, value_num, cn_name, en_name, "describe", parent_pub_cd_detail_id, tenant_id, if_delete, creator, create_tm, modifier, modify_tm, cn_abbr, en_abbr) VALUES (769874940534067200, 769874180878503936, '101020121', '成品油消费税退税', 'Tax rebate on oil products', '', -1, 1, '0', 1533642897907507201, '2024-06-21 10:45:08.000000', 1533642897907507201, '2024-06-21 10:48:09.449440', '', '');
INSERT INTO ds_pub_cd_detail (pub_cd_detail_id, pub_cd_std_id, value_num, cn_name, en_name, "describe", parent_pub_cd_detail_id, tenant_id, if_delete, creator, create_tm, modifier, modify_tm, cn_abbr, en_abbr) VALUES (769874732236541952, 769874180878503936, '101020106', '私营企业消费税', 'Private enterprise consumption tax', '', -1, 1, '0', 1533642897907507201, '2024-06-21 10:45:08.000000', 1533642897907507201, '2024-06-21 10:47:19.785784', '', '');
INSERT INTO ds_pub_cd_detail (pub_cd_detail_id, pub_cd_std_id, value_num, cn_name, en_name, "describe", parent_pub_cd_detail_id, tenant_id, if_delete, creator, create_tm, modifier, modify_tm, cn_abbr, en_abbr) VALUES (769874641840902144, 769874180878503936, '101020104', '联营企业消费税', 'Joint venture consumption tax', '', -1, 1, '0', 1533642897907507201, '2024-06-21 10:45:08.000000', 1533642897907507201, '2024-06-21 10:46:58.233735', '', '');
INSERT INTO ds_pub_cd_detail (pub_cd_detail_id, pub_cd_std_id, value_num, cn_name, en_name, "describe", parent_pub_cd_detail_id, tenant_id, if_delete, creator, create_tm, modifier, modify_tm, cn_abbr, en_abbr) VALUES (769882672213397504, 769882535487475712, '105040201', '海南省高等级公路车辆通行附加费债务收入', 'Hainan high grade highway vehicle traffic surcharge debt income', '', -1, 1, '0', 1533642897907507201, '2024-06-21 11:18:20.000000', 1533642897907507201, '2024-06-21 11:18:52.824445', '', '');
INSERT INTO ds_pub_cd_detail (pub_cd_detail_id, pub_cd_std_id, value_num, cn_name, en_name, "describe", parent_pub_cd_detail_id, tenant_id, if_delete, creator, create_tm, modifier, modify_tm, cn_abbr, en_abbr) VALUES (769882725762076672, 769882535487475712, '105040202', '港口建设费债务收入', 'Port construction fee debt income', '', -1, 1, '0', 1533642897907507201, '2024-06-21 11:18:20.000000', 1533642897907507201, '2024-06-21 11:19:05.589100', '', '');
INSERT INTO ds_pub_cd_detail (pub_cd_detail_id, pub_cd_std_id, value_num, cn_name, en_name, "describe", parent_pub_cd_detail_id, tenant_id, if_delete, creator, create_tm, modifier, modify_tm, cn_abbr, en_abbr) VALUES (769874594940194816, 769874180878503936, '101020103', '股份制企业消费税', 'Stock enterprise consumption tax', '', -1, 1, '0', 1533642897907507201, '2024-06-21 10:45:08.000000', 1533642897907507201, '2024-06-21 10:46:47.051566', '', '');
INSERT INTO ds_pub_cd_detail (pub_cd_detail_id, pub_cd_std_id, value_num, cn_name, en_name, "describe", parent_pub_cd_detail_id, tenant_id, if_delete, creator, create_tm, modifier, modify_tm, cn_abbr, en_abbr) VALUES (769874440954712064, 769874180878503936, '101020101', '国有企业消费税', 'Consumption tax on state-owned enterprises', '', -1, 1, '0', 1533642897907507201, '2024-06-21 10:45:08.000000', 1533642897907507201, '2024-06-21 10:46:10.337359', '', '');
INSERT INTO ds_pub_cd_detail (pub_cd_detail_id, pub_cd_std_id, value_num, cn_name, en_name, "describe", parent_pub_cd_detail_id, tenant_id, if_delete, creator, create_tm, modifier, modify_tm, cn_abbr, en_abbr) VALUES (769874980124102656, 769874180878503936, '101020129', '其他消费税退税', 'Other excise tax refund', '', -1, 1, '0', 1533642897907507201, '2024-06-21 10:45:08.000000', 1533642897907507201, '2024-06-21 10:48:18.887018', '', '');
INSERT INTO ds_pub_cd_detail (pub_cd_detail_id, pub_cd_std_id, value_num, cn_name, en_name, "describe", parent_pub_cd_detail_id, tenant_id, if_delete, creator, create_tm, modifier, modify_tm, cn_abbr, en_abbr) VALUES (771691858911956992, 771678572841668608, '1420', '个人合伙', '', '', 771691744654921728, 1, '0', 1533642897907507201, '2024-06-26 10:15:08.000000', 1533642897907507201, '2024-06-26 11:07:56.555577', '', '');
INSERT INTO ds_pub_cd_detail (pub_cd_detail_id, pub_cd_std_id, value_num, cn_name, en_name, "describe", parent_pub_cd_detail_id, tenant_id, if_delete, creator, create_tm, modifier, modify_tm, cn_abbr, en_abbr) VALUES (771691917703516160, 771678572841668608, '2000', '事业单位', '', '', -1, 1, '0', 1533642897907507201, '2024-06-26 10:15:08.000000', 1533642897907507201, '2024-06-26 11:08:10.568515', '', '');
INSERT INTO ds_pub_cd_detail (pub_cd_detail_id, pub_cd_std_id, value_num, cn_name, en_name, "describe", parent_pub_cd_detail_id, tenant_id, if_delete, creator, create_tm, modifier, modify_tm, cn_abbr, en_abbr) VALUES (771692042022686720, 771678572841668608, '3000', '行政单位', '', '', -1, 1, '0', 1533642897907507201, '2024-06-26 10:15:08.000000', 1533642897907507201, '2024-06-26 11:08:40.204880', '', '');
INSERT INTO ds_pub_cd_detail (pub_cd_detail_id, pub_cd_std_id, value_num, cn_name, en_name, "describe", parent_pub_cd_detail_id, tenant_id, if_delete, creator, create_tm, modifier, modify_tm, cn_abbr, en_abbr) VALUES (771692128777670656, 771678572841668608, '3100', '国家权力机关', '', '', 771692042022686720, 1, '0', 1533642897907507201, '2024-06-26 10:15:08.000000', 1533642897907507201, '2024-06-26 11:09:00.891268', '', '');
INSERT INTO ds_pub_cd_detail (pub_cd_detail_id, pub_cd_std_id, value_num, cn_name, en_name, "describe", parent_pub_cd_detail_id, tenant_id, if_delete, creator, create_tm, modifier, modify_tm, cn_abbr, en_abbr) VALUES (771692190899507200, 771678572841668608, '3200', '国家行政机关', '', '', 771692042022686720, 1, '0', 1533642897907507201, '2024-06-26 10:15:08.000000', 1533642897907507201, '2024-06-26 11:09:15.720382', '', '');
INSERT INTO ds_pub_cd_detail (pub_cd_detail_id, pub_cd_std_id, value_num, cn_name, en_name, "describe", parent_pub_cd_detail_id, tenant_id, if_delete, creator, create_tm, modifier, modify_tm, cn_abbr, en_abbr) VALUES (771692250542510080, 771678572841668608, '3300', '国家司法机关', '', '', 771692042022686720, 1, '0', 1533642897907507201, '2024-06-26 10:15:08.000000', 1533642897907507201, '2024-06-26 11:09:29.925926', '', '');
INSERT INTO ds_pub_cd_detail (pub_cd_detail_id, pub_cd_std_id, value_num, cn_name, en_name, "describe", parent_pub_cd_detail_id, tenant_id, if_delete, creator, create_tm, modifier, modify_tm, cn_abbr, en_abbr) VALUES (771692313104748544, 771678572841668608, '3400', '政党机关', '', '', 771692042022686720, 1, '0', 1533642897907507201, '2024-06-26 10:15:08.000000', 1533642897907507201, '2024-06-26 11:09:44.844796', '', '');
INSERT INTO ds_pub_cd_detail (pub_cd_detail_id, pub_cd_std_id, value_num, cn_name, en_name, "describe", parent_pub_cd_detail_id, tenant_id, if_delete, creator, create_tm, modifier, modify_tm, cn_abbr, en_abbr) VALUES (771692382726000640, 771678572841668608, '3500', '政协组织', '', '', 771692042022686720, 1, '0', 1533642897907507201, '2024-06-26 10:15:08.000000', 1533642897907507201, '2024-06-26 11:10:01.434585', '', '');
INSERT INTO ds_pub_cd_detail (pub_cd_detail_id, pub_cd_std_id, value_num, cn_name, en_name, "describe", parent_pub_cd_detail_id, tenant_id, if_delete, creator, create_tm, modifier, modify_tm, cn_abbr, en_abbr) VALUES (771680796313522176, 771678572841668608, '1000', '企业', '', '', -1, 1, '0', 1533642897907507201, '2024-06-26 10:15:08.000000', 1533642897907507201, '2024-06-26 10:23:59.038924', '', '');
INSERT INTO ds_pub_cd_detail (pub_cd_detail_id, pub_cd_std_id, value_num, cn_name, en_name, "describe", parent_pub_cd_detail_id, tenant_id, if_delete, creator, create_tm, modifier, modify_tm, cn_abbr, en_abbr) VALUES (771680867411169280, 771678572841668608, '1100', '内资', '', '', 771680796313522176, 1, '0', 1533642897907507201, '2024-06-26 10:15:08.000000', 1533642897907507201, '2024-06-26 10:24:22.618056', '', '');
INSERT INTO ds_pub_cd_detail (pub_cd_detail_id, pub_cd_std_id, value_num, cn_name, en_name, "describe", parent_pub_cd_detail_id, tenant_id, if_delete, creator, create_tm, modifier, modify_tm, cn_abbr, en_abbr) VALUES (771680994301448192, 771678572841668608, '1110', '国有', '', '', 771680867411169280, 1, '0', 1533642897907507201, '2024-06-26 10:15:08.000000', 1533642897907507201, '2024-06-26 10:24:46.231583', '', '');
INSERT INTO ds_pub_cd_detail (pub_cd_detail_id, pub_cd_std_id, value_num, cn_name, en_name, "describe", parent_pub_cd_detail_id, tenant_id, if_delete, creator, create_tm, modifier, modify_tm, cn_abbr, en_abbr) VALUES (771681104016052224, 771678572841668608, '1120', '集体', '', '', 771680867411169280, 1, '0', 1533642897907507201, '2024-06-26 10:15:08.000000', 1533642897907507201, '2024-06-26 10:25:12.379701', '', '');
INSERT INTO ds_pub_cd_detail (pub_cd_detail_id, pub_cd_std_id, value_num, cn_name, en_name, "describe", parent_pub_cd_detail_id, tenant_id, if_delete, creator, create_tm, modifier, modify_tm, cn_abbr, en_abbr) VALUES (771681185234554880, 771678572841668608, '1130', '股份合作', '', '', 771680867411169280, 1, '0', 1533642897907507201, '2024-06-26 10:15:08.000000', 1533642897907507201, '2024-06-26 10:25:31.750061', '', '');
INSERT INTO ds_pub_cd_detail (pub_cd_detail_id, pub_cd_std_id, value_num, cn_name, en_name, "describe", parent_pub_cd_detail_id, tenant_id, if_delete, creator, create_tm, modifier, modify_tm, cn_abbr, en_abbr) VALUES (771681283725201408, 771678572841668608, '1140', '联营', '', '', 771680867411169280, 1, '0', 1533642897907507201, '2024-06-26 10:15:08.000000', 1533642897907507201, '2024-06-26 10:25:55.228457', '', '');
INSERT INTO ds_pub_cd_detail (pub_cd_detail_id, pub_cd_std_id, value_num, cn_name, en_name, "describe", parent_pub_cd_detail_id, tenant_id, if_delete, creator, create_tm, modifier, modify_tm, cn_abbr, en_abbr) VALUES (771681365849673728, 771678572841668608, '1141', '国有联营', '', '', 771681283725201408, 1, '0', 1533642897907507201, '2024-06-26 10:15:08.000000', 1533642897907507201, '2024-06-26 10:26:14.853095', '', '');
INSERT INTO ds_pub_cd_detail (pub_cd_detail_id, pub_cd_std_id, value_num, cn_name, en_name, "describe", parent_pub_cd_detail_id, tenant_id, if_delete, creator, create_tm, modifier, modify_tm, cn_abbr, en_abbr) VALUES (771681505478053888, 771678572841668608, '1142', '集体联营', '', '', 771681283725201408, 1, '0', 1533642897907507201, '2024-06-26 10:15:08.000000', 1533642897907507201, '2024-06-26 10:26:48.096692', '', '');
INSERT INTO ds_pub_cd_detail (pub_cd_detail_id, pub_cd_std_id, value_num, cn_name, en_name, "describe", parent_pub_cd_detail_id, tenant_id, if_delete, creator, create_tm, modifier, modify_tm, cn_abbr, en_abbr) VALUES (771681592677634048, 771678572841668608, '1143', '国有与集体联营', '', '', 771681283725201408, 1, '0', 1533642897907507201, '2024-06-26 10:15:08.000000', 1533642897907507201, '2024-06-26 10:27:08.889406', '', '');
INSERT INTO ds_pub_cd_detail (pub_cd_detail_id, pub_cd_std_id, value_num, cn_name, en_name, "describe", parent_pub_cd_detail_id, tenant_id, if_delete, creator, create_tm, modifier, modify_tm, cn_abbr, en_abbr) VALUES (771681762601472000, 771678572841668608, '1144', '联合型联营', '', '', 771681283725201408, 1, '0', 1533642897907507201, '2024-06-26 10:15:08.000000', 1533642897907507201, '2024-06-26 10:27:49.398096', '', '');
INSERT INTO ds_pub_cd_detail (pub_cd_detail_id, pub_cd_std_id, value_num, cn_name, en_name, "describe", parent_pub_cd_detail_id, tenant_id, if_delete, creator, create_tm, modifier, modify_tm, cn_abbr, en_abbr) VALUES (771681860374892544, 771678572841668608, '1145', '法人型联营', '', '', 771681283725201408, 1, '0', 1533642897907507201, '2024-06-26 10:15:08.000000', 1533642897907507201, '2024-06-26 10:28:12.721459', '', '');
INSERT INTO ds_pub_cd_detail (pub_cd_detail_id, pub_cd_std_id, value_num, cn_name, en_name, "describe", parent_pub_cd_detail_id, tenant_id, if_delete, creator, create_tm, modifier, modify_tm, cn_abbr, en_abbr) VALUES (771688368500248576, 771678572841668608, '1149', '其他联营', '', '', 771681283725201408, 1, '0', 1533642897907507201, '2024-06-26 10:15:08.000000', 1533642897907507201, '2024-06-26 10:54:04.391059', '', '');
INSERT INTO ds_pub_cd_detail (pub_cd_detail_id, pub_cd_std_id, value_num, cn_name, en_name, "describe", parent_pub_cd_detail_id, tenant_id, if_delete, creator, create_tm, modifier, modify_tm, cn_abbr, en_abbr) VALUES (771688450024935424, 771678572841668608, '1150', '有限责任（公司）', '', '', 771680867411169280, 1, '0', 1533642897907507201, '2024-06-26 10:15:08.000000', 1533642897907507201, '2024-06-26 10:54:23.821918', '', '');
INSERT INTO ds_pub_cd_detail (pub_cd_detail_id, pub_cd_std_id, value_num, cn_name, en_name, "describe", parent_pub_cd_detail_id, tenant_id, if_delete, creator, create_tm, modifier, modify_tm, cn_abbr, en_abbr) VALUES (771689295663730688, 771678572841668608, '1151', '国有独资（公司）', '', '', 771688450024935424, 1, '0', 1533642897907507201, '2024-06-26 10:15:08.000000', 1533642897907507201, '2024-06-26 10:57:45.426173', '', '');
INSERT INTO ds_pub_cd_detail (pub_cd_detail_id, pub_cd_std_id, value_num, cn_name, en_name, "describe", parent_pub_cd_detail_id, tenant_id, if_delete, creator, create_tm, modifier, modify_tm, cn_abbr, en_abbr) VALUES (771689387250552832, 771678572841668608, '1159', '其他有限责任（公司）', '', '', 771688450024935424, 1, '0', 1533642897907507201, '2024-06-26 10:15:08.000000', 1533642897907507201, '2024-06-26 10:58:07.264961', '', '');
INSERT INTO ds_pub_cd_detail (pub_cd_detail_id, pub_cd_std_id, value_num, cn_name, en_name, "describe", parent_pub_cd_detail_id, tenant_id, if_delete, creator, create_tm, modifier, modify_tm, cn_abbr, en_abbr) VALUES (771689470012559360, 771678572841668608, '1160', '股份有限（公司）', '', '', 771680867411169280, 1, '0', 1533642897907507201, '2024-06-26 10:15:08.000000', 1533642897907507201, '2024-06-26 10:58:26.991252', '', '');
INSERT INTO ds_pub_cd_detail (pub_cd_detail_id, pub_cd_std_id, value_num, cn_name, en_name, "describe", parent_pub_cd_detail_id, tenant_id, if_delete, creator, create_tm, modifier, modify_tm, cn_abbr, en_abbr) VALUES (771689581190975488, 771678572841668608, '1170', '私营', '', '', 771680867411169280, 1, '0', 1533642897907507201, '2024-06-26 10:15:08.000000', 1533642897907507201, '2024-06-26 10:58:53.495696', '', '');
INSERT INTO ds_pub_cd_detail (pub_cd_detail_id, pub_cd_std_id, value_num, cn_name, en_name, "describe", parent_pub_cd_detail_id, tenant_id, if_delete, creator, create_tm, modifier, modify_tm, cn_abbr, en_abbr) VALUES (771689792571314176, 771678572841668608, '1171', '私营独资', '', '', 771689581190975488, 1, '0', 1533642897907507201, '2024-06-26 10:15:08.000000', 1533642897907507201, '2024-06-26 10:59:43.904704', '', '');
INSERT INTO ds_pub_cd_detail (pub_cd_detail_id, pub_cd_std_id, value_num, cn_name, en_name, "describe", parent_pub_cd_detail_id, tenant_id, if_delete, creator, create_tm, modifier, modify_tm, cn_abbr, en_abbr) VALUES (771689872305033216, 771678572841668608, '1172', '私营合伙', '', '', 771689581190975488, 1, '0', 1533642897907507201, '2024-06-26 10:15:08.000000', 1533642897907507201, '2024-06-26 11:00:02.911366', '', '');
INSERT INTO ds_pub_cd_detail (pub_cd_detail_id, pub_cd_std_id, value_num, cn_name, en_name, "describe", parent_pub_cd_detail_id, tenant_id, if_delete, creator, create_tm, modifier, modify_tm, cn_abbr, en_abbr) VALUES (771690034716872704, 771678572841668608, '1173', '私营有限责任（公司）', '', '', 771689581190975488, 1, '0', 1533642897907507201, '2024-06-26 10:15:08.000000', 1533642897907507201, '2024-06-26 11:00:41.628397', '', '');
INSERT INTO ds_pub_cd_detail (pub_cd_detail_id, pub_cd_std_id, value_num, cn_name, en_name, "describe", parent_pub_cd_detail_id, tenant_id, if_delete, creator, create_tm, modifier, modify_tm, cn_abbr, en_abbr) VALUES (771690105420255232, 771678572841668608, '1174', '私营股份有限（公司）', '', '', 771689581190975488, 1, '0', 1533642897907507201, '2024-06-26 10:15:08.000000', 1533642897907507201, '2024-06-26 11:00:58.487832', '', '');
INSERT INTO ds_pub_cd_detail (pub_cd_detail_id, pub_cd_std_id, value_num, cn_name, en_name, "describe", parent_pub_cd_detail_id, tenant_id, if_delete, creator, create_tm, modifier, modify_tm, cn_abbr, en_abbr) VALUES (771690200358326272, 771678572841668608, '1179', '其他私营', '', '', 771689581190975488, 1, '0', 1533642897907507201, '2024-06-26 10:15:08.000000', 1533642897907507201, '2024-06-26 11:01:21.116098', '', '');
INSERT INTO ds_pub_cd_detail (pub_cd_detail_id, pub_cd_std_id, value_num, cn_name, en_name, "describe", parent_pub_cd_detail_id, tenant_id, if_delete, creator, create_tm, modifier, modify_tm, cn_abbr, en_abbr) VALUES (771690555792035840, 771678572841668608, '1190', '其他内资', '', '', 771680867411169280, 1, '0', 1533642897907507201, '2024-06-26 10:15:08.000000', 1533642897907507201, '2024-06-26 11:02:45.865991', '', '');
INSERT INTO ds_pub_cd_detail (pub_cd_detail_id, pub_cd_std_id, value_num, cn_name, en_name, "describe", parent_pub_cd_detail_id, tenant_id, if_delete, creator, create_tm, modifier, modify_tm, cn_abbr, en_abbr) VALUES (771690621382561792, 771678572841668608, '1200', '港、澳、台投资', '', '', 771680796313522176, 1, '0', 1533642897907507201, '2024-06-26 10:15:08.000000', 1533642897907507201, '2024-06-26 11:03:01.504540', '', '');
INSERT INTO ds_pub_cd_detail (pub_cd_detail_id, pub_cd_std_id, value_num, cn_name, en_name, "describe", parent_pub_cd_detail_id, tenant_id, if_delete, creator, create_tm, modifier, modify_tm, cn_abbr, en_abbr) VALUES (771690729784348672, 771678572841668608, '1210', '内地和港、澳、台合资', '', '', 771690621382561792, 1, '0', 1533642897907507201, '2024-06-26 10:15:08.000000', 1533642897907507201, '2024-06-26 11:03:27.346089', '', '');
INSERT INTO ds_pub_cd_detail (pub_cd_detail_id, pub_cd_std_id, value_num, cn_name, en_name, "describe", parent_pub_cd_detail_id, tenant_id, if_delete, creator, create_tm, modifier, modify_tm, cn_abbr, en_abbr) VALUES (771690795332931584, 771678572841668608, '1220', '内地和港、澳、台合作', '', '', 771690621382561792, 1, '0', 1533642897907507201, '2024-06-26 10:15:08.000000', 1533642897907507201, '2024-06-26 11:03:42.975657', '', '');
INSERT INTO ds_pub_cd_detail (pub_cd_detail_id, pub_cd_std_id, value_num, cn_name, en_name, "describe", parent_pub_cd_detail_id, tenant_id, if_delete, creator, create_tm, modifier, modify_tm, cn_abbr, en_abbr) VALUES (771690917164879872, 771678572841668608, '1230', '港、澳、台独资', '', '', 771690621382561792, 1, '0', 1533642897907507201, '2024-06-26 10:15:08.000000', 1533642897907507201, '2024-06-26 11:04:12.026709', '', '');
INSERT INTO ds_pub_cd_detail (pub_cd_detail_id, pub_cd_std_id, value_num, cn_name, en_name, "describe", parent_pub_cd_detail_id, tenant_id, if_delete, creator, create_tm, modifier, modify_tm, cn_abbr, en_abbr) VALUES (771691074216398848, 771678572841668608, '1240', '港、澳、台投资股份有限（公司）', '', '', 771690621382561792, 1, '0', 1533642897907507201, '2024-06-26 10:15:08.000000', 1533642897907507201, '2024-06-26 11:04:49.460396', '', '');
INSERT INTO ds_pub_cd_detail (pub_cd_detail_id, pub_cd_std_id, value_num, cn_name, en_name, "describe", parent_pub_cd_detail_id, tenant_id, if_delete, creator, create_tm, modifier, modify_tm, cn_abbr, en_abbr) VALUES (771691152805072896, 771678572841668608, '1290', '其他港、澳、台投资', '', '', 771690621382561792, 1, '0', 1533642897907507201, '2024-06-26 10:15:08.000000', 1533642897907507201, '2024-06-26 11:05:08.205098', '', '');
INSERT INTO ds_pub_cd_detail (pub_cd_detail_id, pub_cd_std_id, value_num, cn_name, en_name, "describe", parent_pub_cd_detail_id, tenant_id, if_delete, creator, create_tm, modifier, modify_tm, cn_abbr, en_abbr) VALUES (771691252193300480, 771678572841668608, '1300', '国外投资', '', '', 771680796313522176, 1, '0', 1533642897907507201, '2024-06-26 10:15:08.000000', 1533642897907507201, '2024-06-26 11:05:31.900972', '', '');
INSERT INTO ds_pub_cd_detail (pub_cd_detail_id, pub_cd_std_id, value_num, cn_name, en_name, "describe", parent_pub_cd_detail_id, tenant_id, if_delete, creator, create_tm, modifier, modify_tm, cn_abbr, en_abbr) VALUES (771691331998322688, 771678572841668608, '1310', '中外合资', '', '', 771691252193300480, 1, '0', 1533642897907507201, '2024-06-26 10:15:08.000000', 1533642897907507201, '2024-06-26 11:05:50.934643', '', '');
INSERT INTO ds_pub_cd_detail (pub_cd_detail_id, pub_cd_std_id, value_num, cn_name, en_name, "describe", parent_pub_cd_detail_id, tenant_id, if_delete, creator, create_tm, modifier, modify_tm, cn_abbr, en_abbr) VALUES (771691397416882176, 771678572841668608, '1320', '中外合作', '', '', 771691252193300480, 1, '0', 1533642897907507201, '2024-06-26 10:15:08.000000', 1533642897907507201, '2024-06-26 11:06:06.529659', '', '');
INSERT INTO ds_pub_cd_detail (pub_cd_detail_id, pub_cd_std_id, value_num, cn_name, en_name, "describe", parent_pub_cd_detail_id, tenant_id, if_delete, creator, create_tm, modifier, modify_tm, cn_abbr, en_abbr) VALUES (771691493185425408, 771678572841668608, '1330', '外资', '', '', 771691252193300480, 1, '0', 1533642897907507201, '2024-06-26 10:15:08.000000', 1533642897907507201, '2024-06-26 11:06:29.358478', '', '');
INSERT INTO ds_pub_cd_detail (pub_cd_detail_id, pub_cd_std_id, value_num, cn_name, en_name, "describe", parent_pub_cd_detail_id, tenant_id, if_delete, creator, create_tm, modifier, modify_tm, cn_abbr, en_abbr) VALUES (771691562462744576, 771678572841668608, '1340', '国外投资股份有限（公司）', '', '', 771691252193300480, 1, '0', 1533642897907507201, '2024-06-26 10:15:08.000000', 1533642897907507201, '2024-06-26 11:06:45.866983', '', '');
INSERT INTO ds_pub_cd_detail (pub_cd_detail_id, pub_cd_std_id, value_num, cn_name, en_name, "describe", parent_pub_cd_detail_id, tenant_id, if_delete, creator, create_tm, modifier, modify_tm, cn_abbr, en_abbr) VALUES (771691644905984000, 771678572841668608, '1390', '其他国外投资', '', '', 771691252193300480, 1, '0', 1533642897907507201, '2024-06-26 10:15:08.000000', 1533642897907507201, '2024-06-26 11:07:05.652113', '', '');
INSERT INTO ds_pub_cd_detail (pub_cd_detail_id, pub_cd_std_id, value_num, cn_name, en_name, "describe", parent_pub_cd_detail_id, tenant_id, if_delete, creator, create_tm, modifier, modify_tm, cn_abbr, en_abbr) VALUES (771691744654921728, 771678572841668608, '1400', '个体经营', '', '', 771680796313522176, 1, '0', 1533642897907507201, '2024-06-26 10:15:08.000000', 1533642897907507201, '2024-06-26 11:07:29.308878', '', '');
INSERT INTO ds_pub_cd_detail (pub_cd_detail_id, pub_cd_std_id, value_num, cn_name, en_name, "describe", parent_pub_cd_detail_id, tenant_id, if_delete, creator, create_tm, modifier, modify_tm, cn_abbr, en_abbr) VALUES (771691797415071744, 771678572841668608, '1410', '个体户', '', '', 771691744654921728, 1, '0', 1533642897907507201, '2024-06-26 10:15:08.000000', 1533642897907507201, '2024-06-26 11:07:41.892009', '', '');
INSERT INTO ds_pub_cd_detail (pub_cd_detail_id, pub_cd_std_id, value_num, cn_name, en_name, "describe", parent_pub_cd_detail_id, tenant_id, if_delete, creator, create_tm, modifier, modify_tm, cn_abbr, en_abbr) VALUES (771697902325207040, 771694081171656704, '110', '营利法人', '', '', 771697815687663616, 1, '0', 1533642897907507201, '2024-06-26 11:16:46.000000', 1533642897907507201, '2024-06-26 11:31:57.416486', '', '');
INSERT INTO ds_pub_cd_detail (pub_cd_detail_id, pub_cd_std_id, value_num, cn_name, en_name, "describe", parent_pub_cd_detail_id, tenant_id, if_delete, creator, create_tm, modifier, modify_tm, cn_abbr, en_abbr) VALUES (771697815687663616, 771694081171656704, '100', '法人', '', '', -1, 1, '0', 1533642897907507201, '2024-06-26 11:16:46.000000', 1533642897907507201, '2024-06-26 11:32:11.527236', '', '');
INSERT INTO ds_pub_cd_detail (pub_cd_detail_id, pub_cd_std_id, value_num, cn_name, en_name, "describe", parent_pub_cd_detail_id, tenant_id, if_delete, creator, create_tm, modifier, modify_tm, cn_abbr, en_abbr) VALUES (771698025998454784, 771694081171656704, '111', '有限责任公司', '', '', 771697902325207040, 1, '0', 1533642897907507201, '2024-06-26 11:16:46.000000', 1533642897907507201, '2024-06-26 11:32:26.903324', '', '');
INSERT INTO ds_pub_cd_detail (pub_cd_detail_id, pub_cd_std_id, value_num, cn_name, en_name, "describe", parent_pub_cd_detail_id, tenant_id, if_delete, creator, create_tm, modifier, modify_tm, cn_abbr, en_abbr) VALUES (771698090783674368, 771694081171656704, '112', '股份有限公司', '', '', 771697902325207040, 1, '0', 1533642897907507201, '2024-06-26 11:16:46.000000', 1533642897907507201, '2024-06-26 11:32:42.348396', '', '');
INSERT INTO ds_pub_cd_detail (pub_cd_detail_id, pub_cd_std_id, value_num, cn_name, en_name, "describe", parent_pub_cd_detail_id, tenant_id, if_delete, creator, create_tm, modifier, modify_tm, cn_abbr, en_abbr) VALUES (771698168290217984, 771694081171656704, '119', '其他企业法人', '', '', 771697902325207040, 1, '0', 1533642897907507201, '2024-06-26 11:16:46.000000', 1533642897907507201, '2024-06-26 11:33:00.826332', '', '');
INSERT INTO ds_pub_cd_detail (pub_cd_detail_id, pub_cd_std_id, value_num, cn_name, en_name, "describe", parent_pub_cd_detail_id, tenant_id, if_delete, creator, create_tm, modifier, modify_tm, cn_abbr, en_abbr) VALUES (771698230315585536, 771694081171656704, '120', '非营利法人', '', '', -1, 1, '0', 1533642897907507201, '2024-06-26 11:16:46.000000', 1533642897907507201, '2024-06-26 11:33:15.612624', '', '');
INSERT INTO ds_pub_cd_detail (pub_cd_detail_id, pub_cd_std_id, value_num, cn_name, en_name, "describe", parent_pub_cd_detail_id, tenant_id, if_delete, creator, create_tm, modifier, modify_tm, cn_abbr, en_abbr) VALUES (771698289866313728, 771694081171656704, '121', '事业单位法人', '', '', 771698230315585536, 1, '0', 1533642897907507201, '2024-06-26 11:16:46.000000', 1533642897907507201, '2024-06-26 11:33:37.974598', '', '');
INSERT INTO ds_pub_cd_detail (pub_cd_detail_id, pub_cd_std_id, value_num, cn_name, en_name, "describe", parent_pub_cd_detail_id, tenant_id, if_delete, creator, create_tm, modifier, modify_tm, cn_abbr, en_abbr) VALUES (771698374733860864, 771694081171656704, '122', '社会团体法人', '', '', 771698230315585536, 1, '0', 1533642897907507201, '2024-06-26 11:16:46.000000', 1533642897907507201, '2024-06-26 11:33:50.039068', '', '');
INSERT INTO ds_pub_cd_detail (pub_cd_detail_id, pub_cd_std_id, value_num, cn_name, en_name, "describe", parent_pub_cd_detail_id, tenant_id, if_delete, creator, create_tm, modifier, modify_tm, cn_abbr, en_abbr) VALUES (771698420019761152, 771694081171656704, '123', '捐助法人（基金会）', '', '', 771698230315585536, 1, '0', 1533642897907507201, '2024-06-26 11:16:46.000000', 1533642897907507201, '2024-06-26 11:34:00.846030', '', '');
INSERT INTO ds_pub_cd_detail (pub_cd_detail_id, pub_cd_std_id, value_num, cn_name, en_name, "describe", parent_pub_cd_detail_id, tenant_id, if_delete, creator, create_tm, modifier, modify_tm, cn_abbr, en_abbr) VALUES (771698474637987840, 771694081171656704, '124', '捐助法人（社会服务机构）', '', '', 771698230315585536, 1, '0', 1533642897907507201, '2024-06-26 11:16:46.000000', 1533642897907507201, '2024-06-26 11:34:13.868321', '', '');
INSERT INTO ds_pub_cd_detail (pub_cd_detail_id, pub_cd_std_id, value_num, cn_name, en_name, "describe", parent_pub_cd_detail_id, tenant_id, if_delete, creator, create_tm, modifier, modify_tm, cn_abbr, en_abbr) VALUES (771698526789963776, 771694081171656704, '125', '捐助法人（宗教活动场所）', '', '', 771698230315585536, 1, '0', 1533642897907507201, '2024-06-26 11:16:46.000000', 1533642897907507201, '2024-06-26 11:34:26.313639', '', '');
INSERT INTO ds_pub_cd_detail (pub_cd_detail_id, pub_cd_std_id, value_num, cn_name, en_name, "describe", parent_pub_cd_detail_id, tenant_id, if_delete, creator, create_tm, modifier, modify_tm, cn_abbr, en_abbr) VALUES (771698580841959424, 771694081171656704, '129', '其他非营利法人', '', '', 771698230315585536, 1, '0', 1533642897907507201, '2024-06-26 11:16:46.000000', 1533642897907507201, '2024-06-26 11:34:39.182986', '', '');
INSERT INTO ds_pub_cd_detail (pub_cd_detail_id, pub_cd_std_id, value_num, cn_name, en_name, "describe", parent_pub_cd_detail_id, tenant_id, if_delete, creator, create_tm, modifier, modify_tm, cn_abbr, en_abbr) VALUES (771698692204924928, 771694081171656704, '130', '特别法人', '', '', -1, 1, '0', 1533642897907507201, '2024-06-26 11:16:46.000000', 1533642897907507201, '2024-06-26 11:35:05.740241', '', '');
INSERT INTO ds_pub_cd_detail (pub_cd_detail_id, pub_cd_std_id, value_num, cn_name, en_name, "describe", parent_pub_cd_detail_id, tenant_id, if_delete, creator, create_tm, modifier, modify_tm, cn_abbr, en_abbr) VALUES (771698750908403712, 771694081171656704, '131', '机关法人', '', '', 771698692204924928, 1, '0', 1533642897907507201, '2024-06-26 11:16:46.000000', 1533642897907507201, '2024-06-26 11:35:19.733631', '', '');
INSERT INTO ds_pub_cd_detail (pub_cd_detail_id, pub_cd_std_id, value_num, cn_name, en_name, "describe", parent_pub_cd_detail_id, tenant_id, if_delete, creator, create_tm, modifier, modify_tm, cn_abbr, en_abbr) VALUES (771698799117733888, 771694081171656704, '132', '农村集体经济组织法人', '', '', 771698692204924928, 1, '0', 1533642897907507201, '2024-06-26 11:16:46.000000', 1533642897907507201, '2024-06-26 11:35:31.230430', '', '');
INSERT INTO ds_pub_cd_detail (pub_cd_detail_id, pub_cd_std_id, value_num, cn_name, en_name, "describe", parent_pub_cd_detail_id, tenant_id, if_delete, creator, create_tm, modifier, modify_tm, cn_abbr, en_abbr) VALUES (771698849025757184, 771694081171656704, '133', '城镇农村的合作经济组织法人', '', '', 771698692204924928, 1, '0', 1533642897907507201, '2024-06-26 11:16:46.000000', 1533642897907507201, '2024-06-26 11:35:43.127320', '', '');
INSERT INTO ds_pub_cd_detail (pub_cd_detail_id, pub_cd_std_id, value_num, cn_name, en_name, "describe", parent_pub_cd_detail_id, tenant_id, if_delete, creator, create_tm, modifier, modify_tm, cn_abbr, en_abbr) VALUES (771698907582435328, 771694081171656704, '134', '基层群众自治组织法人', '', '', 771698692204924928, 1, '0', 1533642897907507201, '2024-06-26 11:16:46.000000', 1533642897907507201, '2024-06-26 11:35:57.085501', '', '');
INSERT INTO ds_pub_cd_detail (pub_cd_detail_id, pub_cd_std_id, value_num, cn_name, en_name, "describe", parent_pub_cd_detail_id, tenant_id, if_delete, creator, create_tm, modifier, modify_tm, cn_abbr, en_abbr) VALUES (771698958039912448, 771694081171656704, '139', '其他特别法人', '', '', 771698692204924928, 1, '0', 1533642897907507201, '2024-06-26 11:16:46.000000', 1533642897907507201, '2024-06-26 11:36:09.115294', '', '');
INSERT INTO ds_pub_cd_detail (pub_cd_detail_id, pub_cd_std_id, value_num, cn_name, en_name, "describe", parent_pub_cd_detail_id, tenant_id, if_delete, creator, create_tm, modifier, modify_tm, cn_abbr, en_abbr) VALUES (771699063463743488, 771694081171656704, '200', '非法人组织', '', '', -1, 1, '0', 1533642897907507201, '2024-06-26 11:16:46.000000', 1533642897907507201, '2024-06-26 11:36:34.255283', '', '');
INSERT INTO ds_pub_cd_detail (pub_cd_detail_id, pub_cd_std_id, value_num, cn_name, en_name, "describe", parent_pub_cd_detail_id, tenant_id, if_delete, creator, create_tm, modifier, modify_tm, cn_abbr, en_abbr) VALUES (771699169441222656, 771694081171656704, '210', '营利性非法人组织', '', '', 771699063463743488, 1, '0', 1533642897907507201, '2024-06-26 11:16:46.000000', 1533642897907507201, '2024-06-26 11:36:59.514118', '', '');
INSERT INTO ds_pub_cd_detail (pub_cd_detail_id, pub_cd_std_id, value_num, cn_name, en_name, "describe", parent_pub_cd_detail_id, tenant_id, if_delete, creator, create_tm, modifier, modify_tm, cn_abbr, en_abbr) VALUES (771699312571846656, 771694081171656704, '211', '个人独资企业', '', '', 771699063463743488, 1, '0', 1533642897907507201, '2024-06-26 11:16:46.000000', 1533642897907507201, '2024-06-26 11:37:53.012872', '', '');
INSERT INTO ds_pub_cd_detail (pub_cd_detail_id, pub_cd_std_id, value_num, cn_name, en_name, "describe", parent_pub_cd_detail_id, tenant_id, if_delete, creator, create_tm, modifier, modify_tm, cn_abbr, en_abbr) VALUES (771699451021627392, 771694081171656704, '212', '合伙企业', '', '', 771699063463743488, 1, '0', 1533642897907507201, '2024-06-26 11:16:46.000000', 1533642897907507201, '2024-06-26 11:38:06.655453', '', '');
INSERT INTO ds_pub_cd_detail (pub_cd_detail_id, pub_cd_std_id, value_num, cn_name, en_name, "describe", parent_pub_cd_detail_id, tenant_id, if_delete, creator, create_tm, modifier, modify_tm, cn_abbr, en_abbr) VALUES (771699505312698368, 771694081171656704, '213', '不具有法人资格的营利性专业服务机构', '', '', 771699063463743488, 1, '0', 1533642897907507201, '2024-06-26 11:16:46.000000', 1533642897907507201, '2024-06-26 11:38:19.592886', '', '');
INSERT INTO ds_pub_cd_detail (pub_cd_detail_id, pub_cd_std_id, value_num, cn_name, en_name, "describe", parent_pub_cd_detail_id, tenant_id, if_delete, creator, create_tm, modifier, modify_tm, cn_abbr, en_abbr) VALUES (771699553727549440, 771694081171656704, '219', '其他营利性非法人组织', '', '', 771699063463743488, 1, '0', 1533642897907507201, '2024-06-26 11:16:46.000000', 1533642897907507201, '2024-06-26 11:38:31.144802', '', '');
INSERT INTO ds_pub_cd_detail (pub_cd_detail_id, pub_cd_std_id, value_num, cn_name, en_name, "describe", parent_pub_cd_detail_id, tenant_id, if_delete, creator, create_tm, modifier, modify_tm, cn_abbr, en_abbr) VALUES (771699634228826112, 771694081171656704, '220', '非营利性非法人组织', '', '', -1, 1, '0', 1533642897907507201, '2024-06-26 11:16:46.000000', 1533642897907507201, '2024-06-26 11:38:50.332652', '', '');
INSERT INTO ds_pub_cd_detail (pub_cd_detail_id, pub_cd_std_id, value_num, cn_name, en_name, "describe", parent_pub_cd_detail_id, tenant_id, if_delete, creator, create_tm, modifier, modify_tm, cn_abbr, en_abbr) VALUES (771699698456203264, 771694081171656704, '221', '不具有法人资格的非营利性专业服务机构', '', '', 771699634228826112, 1, '0', 1533642897907507201, '2024-06-26 11:16:46.000000', 1533642897907507201, '2024-06-26 11:39:05.644361', '', '');
INSERT INTO ds_pub_cd_detail (pub_cd_detail_id, pub_cd_std_id, value_num, cn_name, en_name, "describe", parent_pub_cd_detail_id, tenant_id, if_delete, creator, create_tm, modifier, modify_tm, cn_abbr, en_abbr) VALUES (771699762561945600, 771694081171656704, '229', '其他非营利性非法人机构', '', '', 771699634228826112, 1, '0', 1533642897907507201, '2024-06-26 11:16:46.000000', 1533642897907507201, '2024-06-26 11:39:20.928112', '', '');
INSERT INTO ds_pub_cd_detail (pub_cd_detail_id, pub_cd_std_id, value_num, cn_name, en_name, "describe", parent_pub_cd_detail_id, tenant_id, if_delete, creator, create_tm, modifier, modify_tm, cn_abbr, en_abbr) VALUES (771780699882655744, 771780479346151424, '0', '非“三保”支出', '', '', -1, 1, '0', 1533642897907507201, '2024-06-26 17:00:05.000000', 1533642897907507201, '2024-06-26 17:00:57.889700', '', '');
INSERT INTO ds_pub_cd_detail (pub_cd_detail_id, pub_cd_std_id, value_num, cn_name, en_name, "describe", parent_pub_cd_detail_id, tenant_id, if_delete, creator, create_tm, modifier, modify_tm, cn_abbr, en_abbr) VALUES (771780743365005312, 771780479346151424, '3', '三保', '', '', -1, 1, '0', 1533642897907507201, '2024-06-26 17:00:05.000000', 1533642897907507201, '2024-06-26 17:01:08.255586', '', '');
INSERT INTO ds_pub_cd_detail (pub_cd_detail_id, pub_cd_std_id, value_num, cn_name, en_name, "describe", parent_pub_cd_detail_id, tenant_id, if_delete, creator, create_tm, modifier, modify_tm, cn_abbr, en_abbr) VALUES (771780804371156992, 771780479346151424, '3001', '保工资', '', '', 771780743365005312, 1, '0', 1533642897907507201, '2024-06-26 17:00:05.000000', 1533642897907507201, '2024-06-26 17:01:22.820206', '', '');
INSERT INTO ds_pub_cd_detail (pub_cd_detail_id, pub_cd_std_id, value_num, cn_name, en_name, "describe", parent_pub_cd_detail_id, tenant_id, if_delete, creator, create_tm, modifier, modify_tm, cn_abbr, en_abbr) VALUES (771780872906084352, 771780479346151424, '3002', '保运转', '', '', 771780743365005312, 1, '0', 1533642897907507201, '2024-06-26 17:00:05.000000', 1533642897907507201, '2024-06-26 17:01:39.144157', '', '');
INSERT INTO ds_pub_cd_detail (pub_cd_detail_id, pub_cd_std_id, value_num, cn_name, en_name, "describe", parent_pub_cd_detail_id, tenant_id, if_delete, creator, create_tm, modifier, modify_tm, cn_abbr, en_abbr) VALUES (771780947917017088, 771780479346151424, '3003', '保基本民生', '', '', 771780743365005312, 1, '0', 1533642897907507201, '2024-06-26 17:00:05.000000', 1533642897907507201, '2024-06-26 17:01:57.051145', '', '');
INSERT INTO ds_pub_cd_detail (pub_cd_detail_id, pub_cd_std_id, value_num, cn_name, en_name, "describe", parent_pub_cd_detail_id, tenant_id, if_delete, creator, create_tm, modifier, modify_tm, cn_abbr, en_abbr) VALUES (771781368970612736, 771780479346151424, '3003001', '学前教育幼儿资助', '', '', 771780947917017088, 1, '0', 1533642897907507201, '2024-06-26 17:00:05.000000', 1533642897907507201, '2024-06-26 17:03:37.410706', '', '');
INSERT INTO ds_pub_cd_detail (pub_cd_detail_id, pub_cd_std_id, value_num, cn_name, en_name, "describe", parent_pub_cd_detail_id, tenant_id, if_delete, creator, create_tm, modifier, modify_tm, cn_abbr, en_abbr) VALUES (771781444614885376, 771780479346151424, '3003002', '城乡义务教育生均公用经费', '', '', 771780947917017088, 1, '0', 1533642897907507201, '2024-06-26 17:00:05.000000', 1533642897907507201, '2024-06-26 17:03:55.536825', '', '');
INSERT INTO ds_pub_cd_detail (pub_cd_detail_id, pub_cd_std_id, value_num, cn_name, en_name, "describe", parent_pub_cd_detail_id, tenant_id, if_delete, creator, create_tm, modifier, modify_tm, cn_abbr, en_abbr) VALUES (771781536516280320, 771780479346151424, '3003002001', '小学', '', '', 771781444614885376, 1, '0', 1533642897907507201, '2024-06-26 17:00:05.000000', 1533642897907507201, '2024-06-26 17:04:17.363117', '', '');
INSERT INTO ds_pub_cd_detail (pub_cd_detail_id, pub_cd_std_id, value_num, cn_name, en_name, "describe", parent_pub_cd_detail_id, tenant_id, if_delete, creator, create_tm, modifier, modify_tm, cn_abbr, en_abbr) VALUES (771781622293991424, 771780479346151424, '3003002002', '初中', '', '', 771781444614885376, 1, '0', 1533642897907507201, '2024-06-26 17:00:05.000000', 1533642897907507201, '2024-06-26 17:04:37.822157', '', '');
INSERT INTO ds_pub_cd_detail (pub_cd_detail_id, pub_cd_std_id, value_num, cn_name, en_name, "describe", parent_pub_cd_detail_id, tenant_id, if_delete, creator, create_tm, modifier, modify_tm, cn_abbr, en_abbr) VALUES (771781704238108672, 771780479346151424, '3003003', '义务教育阶段特殊教育学校随班就读残疾学生生均公用经费', '', '', 771780947917017088, 1, '0', 1533642897907507201, '2024-06-26 17:00:05.000000', 1533642897907507201, '2024-06-26 17:04:57.343443', '', '');
INSERT INTO ds_pub_cd_detail (pub_cd_detail_id, pub_cd_std_id, value_num, cn_name, en_name, "describe", parent_pub_cd_detail_id, tenant_id, if_delete, creator, create_tm, modifier, modify_tm, cn_abbr, en_abbr) VALUES (771781775692271616, 771780479346151424, '3003004', '义务教育免费提供教科书', '', '', 771780947917017088, 1, '0', 1533642897907507201, '2024-06-26 17:00:05.000000', 1533642897907507201, '2024-06-26 17:05:14.385537', '', '');
INSERT INTO ds_pub_cd_detail (pub_cd_detail_id, pub_cd_std_id, value_num, cn_name, en_name, "describe", parent_pub_cd_detail_id, tenant_id, if_delete, creator, create_tm, modifier, modify_tm, cn_abbr, en_abbr) VALUES (771781860102639616, 771780479346151424, '3003005', '家庭经济困难学生生活补助', '', '', 771780947917017088, 1, '0', 1533642897907507201, '2024-06-26 17:00:05.000000', 1533642897907507201, '2024-06-26 17:05:34.512253', '', '');
INSERT INTO ds_pub_cd_detail (pub_cd_detail_id, pub_cd_std_id, value_num, cn_name, en_name, "describe", parent_pub_cd_detail_id, tenant_id, if_delete, creator, create_tm, modifier, modify_tm, cn_abbr, en_abbr) VALUES (771781941748961280, 771780479346151424, '3003005001', '小学', '', '', 771781860102639616, 1, '0', 1533642897907507201, '2024-06-26 17:00:05.000000', 1533642897907507201, '2024-06-26 17:05:54.044214', '', '');
INSERT INTO ds_pub_cd_detail (pub_cd_detail_id, pub_cd_std_id, value_num, cn_name, en_name, "describe", parent_pub_cd_detail_id, tenant_id, if_delete, creator, create_tm, modifier, modify_tm, cn_abbr, en_abbr) VALUES (771782018840268800, 771780479346151424, '003005002', '初中', '', '', 771781860102639616, 1, '0', 1533642897907507201, '2024-06-26 17:00:05.000000', 1533642897907507201, '2024-06-26 17:06:12.349408', '', '');
INSERT INTO ds_pub_cd_detail (pub_cd_detail_id, pub_cd_std_id, value_num, cn_name, en_name, "describe", parent_pub_cd_detail_id, tenant_id, if_delete, creator, create_tm, modifier, modify_tm, cn_abbr, en_abbr) VALUES (771782126180896768, 771780479346151424, '3003006', '普通高中学生资助', '', '', 771780947917017088, 1, '0', 1533642897907507201, '2024-06-26 17:00:05.000000', 1533642897907507201, '2024-06-26 17:06:37.952525', '', '');
INSERT INTO ds_pub_cd_detail (pub_cd_detail_id, pub_cd_std_id, value_num, cn_name, en_name, "describe", parent_pub_cd_detail_id, tenant_id, if_delete, creator, create_tm, modifier, modify_tm, cn_abbr, en_abbr) VALUES (771782263754067968, 771780479346151424, '3003006001', '家庭经济困难学生国家助学金', '', '', 771782126180896768, 1, '0', 1533642897907507201, '2024-06-26 17:00:05.000000', 1533642897907507201, '2024-06-26 17:07:10.766966', '', '');
INSERT INTO ds_pub_cd_detail (pub_cd_detail_id, pub_cd_std_id, value_num, cn_name, en_name, "describe", parent_pub_cd_detail_id, tenant_id, if_delete, creator, create_tm, modifier, modify_tm, cn_abbr, en_abbr) VALUES (771782363461062656, 771780479346151424, '3003006002', '免除家庭经济困难学生学杂费', '', '', 771782126180896768, 1, '0', 1533642897907507201, '2024-06-26 17:00:05.000000', 1533642897907507201, '2024-06-26 17:07:34.512525', '', '');
INSERT INTO ds_pub_cd_detail (pub_cd_detail_id, pub_cd_std_id, value_num, cn_name, en_name, "describe", parent_pub_cd_detail_id, tenant_id, if_delete, creator, create_tm, modifier, modify_tm, cn_abbr, en_abbr) VALUES (771782437620551680, 771780479346151424, '3003007', '中职教育学生资', '', '', 771780947917017088, 1, '0', 1533642897907507201, '2024-06-26 17:00:05.000000', 1533642897907507201, '2024-06-26 17:07:52.302072', '', '');
INSERT INTO ds_pub_cd_detail (pub_cd_detail_id, pub_cd_std_id, value_num, cn_name, en_name, "describe", parent_pub_cd_detail_id, tenant_id, if_delete, creator, create_tm, modifier, modify_tm, cn_abbr, en_abbr) VALUES (771782520332226560, 771780479346151424, '3003007001', '家庭经济困难学生国家助学金', '', '', 771782437620551680, 1, '0', 1533642897907507201, '2024-06-26 17:00:05.000000', 1533642897907507201, '2024-06-26 17:08:11.927037', '', '');
INSERT INTO ds_pub_cd_detail (pub_cd_detail_id, pub_cd_std_id, value_num, cn_name, en_name, "describe", parent_pub_cd_detail_id, tenant_id, if_delete, creator, create_tm, modifier, modify_tm, cn_abbr, en_abbr) VALUES (771782620349599744, 771780479346151424, '3003007002', '农村、涉农专业和家庭经济困难学生免学费', '', '', 771782437620551680, 1, '0', 1533642897907507201, '2024-06-26 17:00:05.000000', 1533642897907507201, '2024-06-26 17:08:35.781964', '', '');
INSERT INTO ds_pub_cd_detail (pub_cd_detail_id, pub_cd_std_id, value_num, cn_name, en_name, "describe", parent_pub_cd_detail_id, tenant_id, if_delete, creator, create_tm, modifier, modify_tm, cn_abbr, en_abbr) VALUES (771782706609655808, 771780479346151424, '3003008', '农村义务教育学生营养改善计划', '', '', 771780947917017088, 1, '0', 1533642897907507201, '2024-06-26 17:00:05.000000', 1533642897907507201, '2024-06-26 17:08:56.331185', '', '');
INSERT INTO ds_pub_cd_detail (pub_cd_detail_id, pub_cd_std_id, value_num, cn_name, en_name, "describe", parent_pub_cd_detail_id, tenant_id, if_delete, creator, create_tm, modifier, modify_tm, cn_abbr, en_abbr) VALUES (771782814277439488, 771780479346151424, '3003009', '博物馆、纪念馆免费开发补助和公共美术馆、图书馆、文化馆站免费开放补助', '', '', 771780947917017088, 1, '0', 1533642897907507201, '2024-06-26 17:00:05.000000', 1533642897907507201, '2024-06-26 17:09:22.010147', '', '');
INSERT INTO ds_pub_cd_detail (pub_cd_detail_id, pub_cd_std_id, value_num, cn_name, en_name, "describe", parent_pub_cd_detail_id, tenant_id, if_delete, creator, create_tm, modifier, modify_tm, cn_abbr, en_abbr) VALUES (771782918547836928, 771780479346151424, '3003010', '困难群众救助', '', '', 771780947917017088, 1, '0', 1533642897907507201, '2024-06-26 17:00:05.000000', 1533642897907507201, '2024-06-26 17:09:46.864719', '', '');
INSERT INTO ds_pub_cd_detail (pub_cd_detail_id, pub_cd_std_id, value_num, cn_name, en_name, "describe", parent_pub_cd_detail_id, tenant_id, if_delete, creator, create_tm, modifier, modify_tm, cn_abbr, en_abbr) VALUES (771782997849542656, 771780479346151424, '3003010001', '最低生活保障', '', '', 771782918547836928, 1, '0', 1533642897907507201, '2024-06-26 17:00:05.000000', 1533642897907507201, '2024-06-26 17:10:05.776950', '', '');
INSERT INTO ds_pub_cd_detail (pub_cd_detail_id, pub_cd_std_id, value_num, cn_name, en_name, "describe", parent_pub_cd_detail_id, tenant_id, if_delete, creator, create_tm, modifier, modify_tm, cn_abbr, en_abbr) VALUES (771783090539466752, 771780479346151424, '3003010002', '特困人员救助供养', '', '', 771782918547836928, 1, '0', 1533642897907507201, '2024-06-26 17:00:05.000000', 1533642897907507201, '2024-06-26 17:10:27.996533', '', '');
INSERT INTO ds_pub_cd_detail (pub_cd_detail_id, pub_cd_std_id, value_num, cn_name, en_name, "describe", parent_pub_cd_detail_id, tenant_id, if_delete, creator, create_tm, modifier, modify_tm, cn_abbr, en_abbr) VALUES (771783178418524160, 771780479346151424, '3003010003', '特困儿童群体基本生活保障', '', '', 771782918547836928, 1, '0', 1533642897907507201, '2024-06-26 17:00:05.000000', 1533642897907507201, '2024-06-26 17:10:48.819176', '', '');
INSERT INTO ds_pub_cd_detail (pub_cd_detail_id, pub_cd_std_id, value_num, cn_name, en_name, "describe", parent_pub_cd_detail_id, tenant_id, if_delete, creator, create_tm, modifier, modify_tm, cn_abbr, en_abbr) VALUES (771783267341963264, 771780479346151424, '3003010004', '临时救助', '', '', 771782918547836928, 1, '0', 1533642897907507201, '2024-06-26 17:00:05.000000', 1533642897907507201, '2024-06-26 17:11:10.021215', '', '');
INSERT INTO ds_pub_cd_detail (pub_cd_detail_id, pub_cd_std_id, value_num, cn_name, en_name, "describe", parent_pub_cd_detail_id, tenant_id, if_delete, creator, create_tm, modifier, modify_tm, cn_abbr, en_abbr) VALUES (771783364322660352, 771780479346151424, '3003010005', '流浪乞讨人员救助', '', '', 771782918547836928, 1, '0', 1533642897907507201, '2024-06-26 17:00:05.000000', 1533642897907507201, '2024-06-26 17:11:33.137186', '', '');
INSERT INTO ds_pub_cd_detail (pub_cd_detail_id, pub_cd_std_id, value_num, cn_name, en_name, "describe", parent_pub_cd_detail_id, tenant_id, if_delete, creator, create_tm, modifier, modify_tm, cn_abbr, en_abbr) VALUES (771747693881069568, 771747487743610880, '1', '人员类', '', '', -1, 1, '0', 1533642897907507201, '2024-06-26 14:48:59.000000', 1533642897907507201, '2024-06-26 14:49:48.645049', '', '');
INSERT INTO ds_pub_cd_detail (pub_cd_detail_id, pub_cd_std_id, value_num, cn_name, en_name, "describe", parent_pub_cd_detail_id, tenant_id, if_delete, creator, create_tm, modifier, modify_tm, cn_abbr, en_abbr) VALUES (771747719919308800, 771747487743610880, '2', '运转类', '', '', -1, 1, '0', 1533642897907507201, '2024-06-26 14:48:59.000000', 1533642897907507201, '2024-06-26 14:49:54.860409', '', '');
INSERT INTO ds_pub_cd_detail (pub_cd_detail_id, pub_cd_std_id, value_num, cn_name, en_name, "describe", parent_pub_cd_detail_id, tenant_id, if_delete, creator, create_tm, modifier, modify_tm, cn_abbr, en_abbr) VALUES (771747768099278848, 771747487743610880, '21', '公用经费', '', '', -1, 1, '0', 1533642897907507201, '2024-06-26 14:48:59.000000', 1533642897907507201, '2024-06-26 14:50:06.343209', '', '');
INSERT INTO ds_pub_cd_detail (pub_cd_detail_id, pub_cd_std_id, value_num, cn_name, en_name, "describe", parent_pub_cd_detail_id, tenant_id, if_delete, creator, create_tm, modifier, modify_tm, cn_abbr, en_abbr) VALUES (771747798528954368, 771747487743610880, '22', '其他运转类', '', '', -1, 1, '0', 1533642897907507201, '2024-06-26 14:48:59.000000', 1533642897907507201, '2024-06-26 14:50:13.597752', '', '');
INSERT INTO ds_pub_cd_detail (pub_cd_detail_id, pub_cd_std_id, value_num, cn_name, en_name, "describe", parent_pub_cd_detail_id, tenant_id, if_delete, creator, create_tm, modifier, modify_tm, cn_abbr, en_abbr) VALUES (771747835346554880, 771747487743610880, '3', '特定目标类', '', '', -1, 1, '0', 1533642897907507201, '2024-06-26 14:48:59.000000', 1533642897907507201, '2024-06-26 14:50:22.375039', '', '');
INSERT INTO ds_pub_cd_detail (pub_cd_detail_id, pub_cd_std_id, value_num, cn_name, en_name, "describe", parent_pub_cd_detail_id, tenant_id, if_delete, creator, create_tm, modifier, modify_tm, cn_abbr, en_abbr) VALUES (771748227971158016, 771747901650112512, '1', '策划', '', '', -1, 1, '0', 1533642897907507201, '2024-06-26 14:50:38.000000', 1533642897907507201, '2024-06-26 14:51:55.985698', '', '');
INSERT INTO ds_pub_cd_detail (pub_cd_detail_id, pub_cd_std_id, value_num, cn_name, en_name, "describe", parent_pub_cd_detail_id, tenant_id, if_delete, creator, create_tm, modifier, modify_tm, cn_abbr, en_abbr) VALUES (771748262817435648, 771747901650112512, '2', '新建', '', '', -1, 1, '0', 1533642897907507201, '2024-06-26 14:50:38.000000', 1533642897907507201, '2024-06-26 14:52:04.289310', '', '');
INSERT INTO ds_pub_cd_detail (pub_cd_detail_id, pub_cd_std_id, value_num, cn_name, en_name, "describe", parent_pub_cd_detail_id, tenant_id, if_delete, creator, create_tm, modifier, modify_tm, cn_abbr, en_abbr) VALUES (771748296480919552, 771747901650112512, '3', '续建', '', '', -1, 1, '0', 1533642897907507201, '2024-06-26 14:50:38.000000', 1533642897907507201, '2024-06-26 14:52:12.316084', '', '');
INSERT INTO ds_pub_cd_detail (pub_cd_detail_id, pub_cd_std_id, value_num, cn_name, en_name, "describe", parent_pub_cd_detail_id, tenant_id, if_delete, creator, create_tm, modifier, modify_tm, cn_abbr, en_abbr) VALUES (771748331255894016, 771747901650112512, '4', '完工', '', '', -1, 1, '0', 1533642897907507201, '2024-06-26 14:50:38.000000', 1533642897907507201, '2024-06-26 14:52:20.602716', '', '');
INSERT INTO ds_pub_cd_detail (pub_cd_detail_id, pub_cd_std_id, value_num, cn_name, en_name, "describe", parent_pub_cd_detail_id, tenant_id, if_delete, creator, create_tm, modifier, modify_tm, cn_abbr, en_abbr) VALUES (771748384771018752, 771747901650112512, '5', '其他', '', '', -1, 1, '0', 1533642897907507201, '2024-06-26 14:50:38.000000', 1533642897907507201, '2024-06-26 14:52:33.364659', '', '');
INSERT INTO ds_pub_cd_detail (pub_cd_detail_id, pub_cd_std_id, value_num, cn_name, en_name, "describe", parent_pub_cd_detail_id, tenant_id, if_delete, creator, create_tm, modifier, modify_tm, cn_abbr, en_abbr) VALUES (771780330414804992, 771780138277933056, '1', '市级', '', '', -1, 1, '0', 1533642897907507201, '2024-06-26 16:58:43.000000', 1533642897907507201, '2024-06-26 16:59:29.803058', '', '');
INSERT INTO ds_pub_cd_detail (pub_cd_detail_id, pub_cd_std_id, value_num, cn_name, en_name, "describe", parent_pub_cd_detail_id, tenant_id, if_delete, creator, create_tm, modifier, modify_tm, cn_abbr, en_abbr) VALUES (771780365047173120, 771780138277933056, '2', '区县级', '', '', -1, 1, '0', 1533642897907507201, '2024-06-26 16:58:43.000000', 1533642897907507201, '2024-06-26 16:59:38.064977', '', '');
INSERT INTO ds_pub_cd_detail (pub_cd_detail_id, pub_cd_std_id, value_num, cn_name, en_name, "describe", parent_pub_cd_detail_id, tenant_id, if_delete, creator, create_tm, modifier, modify_tm, cn_abbr, en_abbr) VALUES (771747226409111552, 771746986448785408, '1', '行政单位', '', '', -1, 1, '0', 1533642897907507201, '2024-06-26 14:46:59.000000', 1533642897907507201, '2024-06-26 14:47:57.191515', '', '');
INSERT INTO ds_pub_cd_detail (pub_cd_detail_id, pub_cd_std_id, value_num, cn_name, en_name, "describe", parent_pub_cd_detail_id, tenant_id, if_delete, creator, create_tm, modifier, modify_tm, cn_abbr, en_abbr) VALUES (771747264862490624, 771746986448785408, '2', '事业单位', '', '', -1, 1, '0', 1533642897907507201, '2024-06-26 14:46:59.000000', 1533642897907507201, '2024-06-26 14:48:06.359213', '', '');
INSERT INTO ds_pub_cd_detail (pub_cd_detail_id, pub_cd_std_id, value_num, cn_name, en_name, "describe", parent_pub_cd_detail_id, tenant_id, if_delete, creator, create_tm, modifier, modify_tm, cn_abbr, en_abbr) VALUES (771747298244956160, 771746986448785408, '3', '国有企业', '', '', -1, 1, '0', 1533642897907507201, '2024-06-26 14:46:59.000000', 1533642897907507201, '2024-06-26 14:48:14.346762', '', '');
INSERT INTO ds_pub_cd_detail (pub_cd_detail_id, pub_cd_std_id, value_num, cn_name, en_name, "describe", parent_pub_cd_detail_id, tenant_id, if_delete, creator, create_tm, modifier, modify_tm, cn_abbr, en_abbr) VALUES (771747330100695040, 771746986448785408, '4', '其他', '', '', -1, 1, '0', 1533642897907507201, '2024-06-26 14:46:59.000000', 1533642897907507201, '2024-06-26 14:48:21.912604', '', '');
INSERT INTO ds_pub_cd_detail (pub_cd_detail_id, pub_cd_std_id, value_num, cn_name, en_name, "describe", parent_pub_cd_detail_id, tenant_id, if_delete, creator, create_tm, modifier, modify_tm, cn_abbr, en_abbr) VALUES (771743483076677632, 771741244744404992, '70', '初中', '', '', -1, 1, '0', 1533642897907507201, '2024-06-26 14:24:10.000000', 1533642897907507201, '2024-06-26 14:33:04.709952', '', '');
INSERT INTO ds_pub_cd_detail (pub_cd_detail_id, pub_cd_std_id, value_num, cn_name, en_name, "describe", parent_pub_cd_detail_id, tenant_id, if_delete, creator, create_tm, modifier, modify_tm, cn_abbr, en_abbr) VALUES (771743563670228992, 771741244744404992, '72', '职业初中毕业', '', '', -1, 1, '0', 1533642897907507201, '2024-06-26 14:24:10.000000', 1533642897907507201, '2024-06-26 14:33:23.925760', '', '');
INSERT INTO ds_pub_cd_detail (pub_cd_detail_id, pub_cd_std_id, value_num, cn_name, en_name, "describe", parent_pub_cd_detail_id, tenant_id, if_delete, creator, create_tm, modifier, modify_tm, cn_abbr, en_abbr) VALUES (771744847169196032, 771741244744404992, '81', '小学毕业', '', '', -1, 1, '0', 1533642897907507201, '2024-06-26 14:24:10.000000', 1533642897907507201, '2024-06-26 14:38:29.937926', '', '');
INSERT INTO ds_pub_cd_detail (pub_cd_detail_id, pub_cd_std_id, value_num, cn_name, en_name, "describe", parent_pub_cd_detail_id, tenant_id, if_delete, creator, create_tm, modifier, modify_tm, cn_abbr, en_abbr) VALUES (771744937501921280, 771741244744404992, '89', '小学肄业', '', '', -1, 1, '0', 1533642897907507201, '2024-06-26 14:24:10.000000', 1533642897907507201, '2024-06-26 14:38:51.476091', '', '');
INSERT INTO ds_pub_cd_detail (pub_cd_detail_id, pub_cd_std_id, value_num, cn_name, en_name, "describe", parent_pub_cd_detail_id, tenant_id, if_delete, creator, create_tm, modifier, modify_tm, cn_abbr, en_abbr) VALUES (771742463495901184, 771741244744404992, '38', '相当专科毕业', '', '', -1, 1, '0', 1533642897907507201, '2024-06-26 14:24:10.000000', 1533642897907507201, '2024-06-26 14:29:01.641835', '', '');
INSERT INTO ds_pub_cd_detail (pub_cd_detail_id, pub_cd_std_id, value_num, cn_name, en_name, "describe", parent_pub_cd_detail_id, tenant_id, if_delete, creator, create_tm, modifier, modify_tm, cn_abbr, en_abbr) VALUES (771742586061852672, 771741244744404992, '40', '中等专业学校和中等技术学校', '', '', -1, 1, '0', 1533642897907507201, '2024-06-26 14:24:10.000000', 1533642897907507201, '2024-06-26 14:29:30.842777', '', '');
INSERT INTO ds_pub_cd_detail (pub_cd_detail_id, pub_cd_std_id, value_num, cn_name, en_name, "describe", parent_pub_cd_detail_id, tenant_id, if_delete, creator, create_tm, modifier, modify_tm, cn_abbr, en_abbr) VALUES (771742688574836736, 771741244744404992, '42', '中技毕业', '', '', -1, 1, '0', 1533642897907507201, '2024-06-26 14:24:10.000000', 1533642897907507201, '2024-06-26 14:29:55.290081', '', '');
INSERT INTO ds_pub_cd_detail (pub_cd_detail_id, pub_cd_std_id, value_num, cn_name, en_name, "describe", parent_pub_cd_detail_id, tenant_id, if_delete, creator, create_tm, modifier, modify_tm, cn_abbr, en_abbr) VALUES (771742786528612352, 771741244744404992, '49', '中专或中技肄业', '', '', -1, 1, '0', 1533642897907507201, '2024-06-26 14:24:10.000000', 1533642897907507201, '2024-06-26 14:30:18.641067', '', '');
INSERT INTO ds_pub_cd_detail (pub_cd_detail_id, pub_cd_std_id, value_num, cn_name, en_name, "describe", parent_pub_cd_detail_id, tenant_id, if_delete, creator, create_tm, modifier, modify_tm, cn_abbr, en_abbr) VALUES (771742826663907328, 771741244744404992, '50', '技工学校', '', '', -1, 1, '0', 1533642897907507201, '2024-06-26 14:24:10.000000', 1533642897907507201, '2024-06-26 14:30:28.219581', '', '');
INSERT INTO ds_pub_cd_detail (pub_cd_detail_id, pub_cd_std_id, value_num, cn_name, en_name, "describe", parent_pub_cd_detail_id, tenant_id, if_delete, creator, create_tm, modifier, modify_tm, cn_abbr, en_abbr) VALUES (771742909258141696, 771741244744404992, '59', '技校肄业', '', '', -1, 1, '0', 1533642897907507201, '2024-06-26 14:24:10.000000', 1533642897907507201, '2024-06-26 14:30:47.901533', '', '');
INSERT INTO ds_pub_cd_detail (pub_cd_detail_id, pub_cd_std_id, value_num, cn_name, en_name, "describe", parent_pub_cd_detail_id, tenant_id, if_delete, creator, create_tm, modifier, modify_tm, cn_abbr, en_abbr) VALUES (771743280135278592, 771741244744404992, '61', '高中毕业', '', '', -1, 1, '0', 1533642897907507201, '2024-06-26 14:24:10.000000', 1533642897907507201, '2024-06-26 14:32:16.335990', '', '');
INSERT INTO ds_pub_cd_detail (pub_cd_detail_id, pub_cd_std_id, value_num, cn_name, en_name, "describe", parent_pub_cd_detail_id, tenant_id, if_delete, creator, create_tm, modifier, modify_tm, cn_abbr, en_abbr) VALUES (771743360884019200, 771741244744404992, '63', '农业高中毕业', '', '', -1, 1, '0', 1533642897907507201, '2024-06-26 14:24:10.000000', 1533642897907507201, '2024-06-26 14:32:35.574114', '', '');
INSERT INTO ds_pub_cd_detail (pub_cd_detail_id, pub_cd_std_id, value_num, cn_name, en_name, "describe", parent_pub_cd_detail_id, tenant_id, if_delete, creator, create_tm, modifier, modify_tm, cn_abbr, en_abbr) VALUES (771743444421971968, 771741244744404992, '69', '高中肄业', '', '', -1, 1, '0', 1533642897907507201, '2024-06-26 14:24:10.000000', 1533642897907507201, '2024-06-26 14:32:55.496306', '', '');
INSERT INTO ds_pub_cd_detail (pub_cd_detail_id, pub_cd_std_id, value_num, cn_name, en_name, "describe", parent_pub_cd_detail_id, tenant_id, if_delete, creator, create_tm, modifier, modify_tm, cn_abbr, en_abbr) VALUES (771743525959241728, 771741244744404992, '71', '初中毕业', '', '', -1, 1, '0', 1533642897907507201, '2024-06-26 14:24:10.000000', 1533642897907507201, '2024-06-26 14:33:14.937739', '', '');
INSERT INTO ds_pub_cd_detail (pub_cd_detail_id, pub_cd_std_id, value_num, cn_name, en_name, "describe", parent_pub_cd_detail_id, tenant_id, if_delete, creator, create_tm, modifier, modify_tm, cn_abbr, en_abbr) VALUES (771744801333841920, 771741244744404992, '80', '小学', '', '', -1, 1, '0', 1533642897907507201, '2024-06-26 14:24:10.000000', 1533642897907507201, '2024-06-26 14:38:19.011701', '', '');
INSERT INTO ds_pub_cd_detail (pub_cd_detail_id, pub_cd_std_id, value_num, cn_name, en_name, "describe", parent_pub_cd_detail_id, tenant_id, if_delete, creator, create_tm, modifier, modify_tm, cn_abbr, en_abbr) VALUES (771744889137401856, 771741244744404992, '88', '相当小学毕业', '', '', -1, 1, '0', 1533642897907507201, '2024-06-26 14:24:10.000000', 1533642897907507201, '2024-06-26 14:38:39.938342', '', '');
INSERT INTO ds_pub_cd_detail (pub_cd_detail_id, pub_cd_std_id, value_num, cn_name, en_name, "describe", parent_pub_cd_detail_id, tenant_id, if_delete, creator, create_tm, modifier, modify_tm, cn_abbr, en_abbr) VALUES (771744980187353088, 771741244744404992, '90', '文盲或半文盲', '', '', -1, 1, '0', 1533642897907507201, '2024-06-26 14:24:10.000000', 1533642897907507201, '2024-06-26 14:39:01.654008', '', '');
INSERT INTO ds_pub_cd_detail (pub_cd_detail_id, pub_cd_std_id, value_num, cn_name, en_name, "describe", parent_pub_cd_detail_id, tenant_id, if_delete, creator, create_tm, modifier, modify_tm, cn_abbr, en_abbr) VALUES (771732218505728000, 771730929185067008, '1', '国库集中支付', '', '', -1, 1, '0', 1533642897907507201, '2024-06-26 13:43:11.000000', 1533642897907507201, '2024-06-26 13:48:19.038515', '', '');
INSERT INTO ds_pub_cd_detail (pub_cd_detail_id, pub_cd_std_id, value_num, cn_name, en_name, "describe", parent_pub_cd_detail_id, tenant_id, if_delete, creator, create_tm, modifier, modify_tm, cn_abbr, en_abbr) VALUES (771732258112540672, 771730929185067008, '2', '实拨方式', '', '', -1, 1, '0', 1533642897907507201, '2024-06-26 13:43:11.000000', 1533642897907507201, '2024-06-26 13:48:28.490122', '', '');
INSERT INTO ds_pub_cd_detail (pub_cd_detail_id, pub_cd_std_id, value_num, cn_name, en_name, "describe", parent_pub_cd_detail_id, tenant_id, if_delete, creator, create_tm, modifier, modify_tm, cn_abbr, en_abbr) VALUES (771732294770757632, 771730929185067008, '3', '单位资金支付', '', '', -1, 1, '0', 1533642897907507201, '2024-06-26 13:43:11.000000', 1533642897907507201, '2024-06-26 13:48:37.209833', '', '');
INSERT INTO ds_pub_cd_detail (pub_cd_detail_id, pub_cd_std_id, value_num, cn_name, en_name, "describe", parent_pub_cd_detail_id, tenant_id, if_delete, creator, create_tm, modifier, modify_tm, cn_abbr, en_abbr) VALUES (771732626217242624, 771732384906350592, '1', '建设类', '', '', -1, 1, '0', 1533642897907507201, '2024-06-26 13:48:58.000000', 1533642897907507201, '2024-06-26 13:49:56.247063', '', '');
INSERT INTO ds_pub_cd_detail (pub_cd_detail_id, pub_cd_std_id, value_num, cn_name, en_name, "describe", parent_pub_cd_detail_id, tenant_id, if_delete, creator, create_tm, modifier, modify_tm, cn_abbr, en_abbr) VALUES (771732673239584768, 771732384906350592, '2', '费用类', '', '', -1, 1, '0', 1533642897907507201, '2024-06-26 13:48:58.000000', 1533642897907507201, '2024-06-26 13:50:07.448442', '', '');
INSERT INTO ds_pub_cd_detail (pub_cd_detail_id, pub_cd_std_id, value_num, cn_name, en_name, "describe", parent_pub_cd_detail_id, tenant_id, if_delete, creator, create_tm, modifier, modify_tm, cn_abbr, en_abbr) VALUES (771732768081186816, 771732384906350592, '101', '基本建设项目-城建项目', '', '', 771732626217242624, 1, '0', 1533642897907507201, '2024-06-26 13:48:58.000000', 1533642897907507201, '2024-06-26 13:50:39.954084', '', '');
INSERT INTO ds_pub_cd_detail (pub_cd_detail_id, pub_cd_std_id, value_num, cn_name, en_name, "describe", parent_pub_cd_detail_id, tenant_id, if_delete, creator, create_tm, modifier, modify_tm, cn_abbr, en_abbr) VALUES (771732877900648448, 771732384906350592, '102', '基本建设项目-市政路桥项目', '', '', 771732626217242624, 1, '0', 1533642897907507201, '2024-06-26 13:48:58.000000', 1533642897907507201, '2024-06-26 13:50:56.239136', '', '');
INSERT INTO ds_pub_cd_detail (pub_cd_detail_id, pub_cd_std_id, value_num, cn_name, en_name, "describe", parent_pub_cd_detail_id, tenant_id, if_delete, creator, create_tm, modifier, modify_tm, cn_abbr, en_abbr) VALUES (771732924151238656, 771732384906350592, '103', '基本建设项目-铁路、公路等大交通项目', '', '', 771732626217242624, 1, '0', 1533642897907507201, '2024-06-26 13:48:58.000000', 1533642897907507201, '2024-06-26 13:51:14.002889', '', '');
INSERT INTO ds_pub_cd_detail (pub_cd_detail_id, pub_cd_std_id, value_num, cn_name, en_name, "describe", parent_pub_cd_detail_id, tenant_id, if_delete, creator, create_tm, modifier, modify_tm, cn_abbr, en_abbr) VALUES (771734041828397056, 771732384906350592, '104', '基本建设项目-农业项目', '', '', 771732626217242624, 1, '0', 1533642897907507201, '2024-06-26 13:48:58.000000', 1533642897907507201, '2024-06-26 13:55:33.742381', '', '');
INSERT INTO ds_pub_cd_detail (pub_cd_detail_id, pub_cd_std_id, value_num, cn_name, en_name, "describe", parent_pub_cd_detail_id, tenant_id, if_delete, creator, create_tm, modifier, modify_tm, cn_abbr, en_abbr) VALUES (771734111005052928, 771732384906350592, '105', '基本建设项目-水利水务项目', '', '', 771732626217242624, 1, '0', 1533642897907507201, '2024-06-26 13:48:58.000000', 1533642897907507201, '2024-06-26 13:55:50.239260', '', '');
INSERT INTO ds_pub_cd_detail (pub_cd_detail_id, pub_cd_std_id, value_num, cn_name, en_name, "describe", parent_pub_cd_detail_id, tenant_id, if_delete, creator, create_tm, modifier, modify_tm, cn_abbr, en_abbr) VALUES (771734155691167744, 771732384906350592, '106', '基本建设项目-社保卫生项目', '', '', 771732626217242624, 1, '0', 1533642897907507201, '2024-06-26 13:48:58.000000', 1533642897907507201, '2024-06-26 13:56:06.353700', '', '');
INSERT INTO ds_pub_cd_detail (pub_cd_detail_id, pub_cd_std_id, value_num, cn_name, en_name, "describe", parent_pub_cd_detail_id, tenant_id, if_delete, creator, create_tm, modifier, modify_tm, cn_abbr, en_abbr) VALUES (771734229775159296, 771732384906350592, '107', '基本建设项目-科教文体项目', '', '', 771732626217242624, 1, '0', 1533642897907507201, '2024-06-26 13:48:58.000000', 1533642897907507201, '2024-06-26 13:56:18.556790', '', '');
INSERT INTO ds_pub_cd_detail (pub_cd_detail_id, pub_cd_std_id, value_num, cn_name, en_name, "describe", parent_pub_cd_detail_id, tenant_id, if_delete, creator, create_tm, modifier, modify_tm, cn_abbr, en_abbr) VALUES (771734301552283648, 771732384906350592, '108', '基本建设项目-其他项目', '', '', 771732626217242624, 1, '0', 1533642897907507201, '2024-06-26 13:48:58.000000', 1533642897907507201, '2024-06-26 13:56:35.661708', '', '');
INSERT INTO ds_pub_cd_detail (pub_cd_detail_id, pub_cd_std_id, value_num, cn_name, en_name, "describe", parent_pub_cd_detail_id, tenant_id, if_delete, creator, create_tm, modifier, modify_tm, cn_abbr, en_abbr) VALUES (771734356849987584, 771732384906350592, '109', '土地收储项目-土储出让地块周边道路建设', '', '', 771732626217242624, 1, '0', 1533642897907507201, '2024-06-26 13:48:58.000000', 1533642897907507201, '2024-06-26 13:56:48.850253', '', '');
INSERT INTO ds_pub_cd_detail (pub_cd_detail_id, pub_cd_std_id, value_num, cn_name, en_name, "describe", parent_pub_cd_detail_id, tenant_id, if_delete, creator, create_tm, modifier, modify_tm, cn_abbr, en_abbr) VALUES (771734427079413760, 771732384906350592, '110', '非属地高校补助项目', '', '', 771732626217242624, 1, '0', 1533642897907507201, '2024-06-26 13:48:58.000000', 1533642897907507201, '2024-06-26 13:57:05.606347', '', '');
INSERT INTO ds_pub_cd_detail (pub_cd_detail_id, pub_cd_std_id, value_num, cn_name, en_name, "describe", parent_pub_cd_detail_id, tenant_id, if_delete, creator, create_tm, modifier, modify_tm, cn_abbr, en_abbr) VALUES (771734473447444480, 771732384906350592, '111', '非属地医院补助项目', '', '', 771732626217242624, 1, '0', 1533642897907507201, '2024-06-26 13:48:58.000000', 1533642897907507201, '2024-06-26 13:57:16.644026', '', '');
INSERT INTO ds_pub_cd_detail (pub_cd_detail_id, pub_cd_std_id, value_num, cn_name, en_name, "describe", parent_pub_cd_detail_id, tenant_id, if_delete, creator, create_tm, modifier, modify_tm, cn_abbr, en_abbr) VALUES (771734587649953792, 771732384906350592, '112', '科技载体补助项目', '', '', 771732626217242624, 1, '0', 1533642897907507201, '2024-06-26 13:48:58.000000', 1533642897907507201, '2024-06-26 13:57:43.881586', '', '');
INSERT INTO ds_pub_cd_detail (pub_cd_detail_id, pub_cd_std_id, value_num, cn_name, en_name, "describe", parent_pub_cd_detail_id, tenant_id, if_delete, creator, create_tm, modifier, modify_tm, cn_abbr, en_abbr) VALUES (771737878144356352, 771732384906350592, '201', '城市维护项目-轨道交通票款补贴', '', '', 771732673239584768, 1, '0', 1533642897907507201, '2024-06-26 13:48:58.000000', 1533642897907507201, '2024-06-26 14:10:48.398107', '', '');
INSERT INTO ds_pub_cd_detail (pub_cd_detail_id, pub_cd_std_id, value_num, cn_name, en_name, "describe", parent_pub_cd_detail_id, tenant_id, if_delete, creator, create_tm, modifier, modify_tm, cn_abbr, en_abbr) VALUES (771737927532285952, 771732384906350592, '202', '城市维护项目-公交营运补贴', '', '', 771732673239584768, 1, '0', 1533642897907507201, '2024-06-26 13:48:58.000000', 1533642897907507201, '2024-06-26 14:11:00.168376', '', '');
INSERT INTO ds_pub_cd_detail (pub_cd_detail_id, pub_cd_std_id, value_num, cn_name, en_name, "describe", parent_pub_cd_detail_id, tenant_id, if_delete, creator, create_tm, modifier, modify_tm, cn_abbr, en_abbr) VALUES (771737984411242496, 771732384906350592, '203', '城市维护项目-其他等', '', '', 771732673239584768, 1, '0', 1533642897907507201, '2024-06-26 13:48:58.000000', 1533642897907507201, '2024-06-26 14:11:13.730382', '', '');
INSERT INTO ds_pub_cd_detail (pub_cd_detail_id, pub_cd_std_id, value_num, cn_name, en_name, "describe", parent_pub_cd_detail_id, tenant_id, if_delete, creator, create_tm, modifier, modify_tm, cn_abbr, en_abbr) VALUES (771738033757229056, 771732384906350592, '204', '土地收储项目-征地和拆迁补偿支出', '', '', 771732673239584768, 1, '0', 1533642897907507201, '2024-06-26 13:48:58.000000', 1533642897907507201, '2024-06-26 14:11:25.494794', '', '');
INSERT INTO ds_pub_cd_detail (pub_cd_detail_id, pub_cd_std_id, value_num, cn_name, en_name, "describe", parent_pub_cd_detail_id, tenant_id, if_delete, creator, create_tm, modifier, modify_tm, cn_abbr, en_abbr) VALUES (771738084202123264, 771732384906350592, '205', '土地收储项目-收购支出', '', '', 771732673239584768, 1, '0', 1533642897907507201, '2024-06-26 13:48:58.000000', 1533642897907507201, '2024-06-26 14:11:37.516510', '', '');
INSERT INTO ds_pub_cd_detail (pub_cd_detail_id, pub_cd_std_id, value_num, cn_name, en_name, "describe", parent_pub_cd_detail_id, tenant_id, if_delete, creator, create_tm, modifier, modify_tm, cn_abbr, en_abbr) VALUES (771738134554742784, 771732384906350592, '206', '土地收储项目-前期土地开发支出', '', '', 771732673239584768, 1, '0', 1533642897907507201, '2024-06-26 13:48:58.000000', 1533642897907507201, '2024-06-26 14:11:49.519716', '', '');
INSERT INTO ds_pub_cd_detail (pub_cd_detail_id, pub_cd_std_id, value_num, cn_name, en_name, "describe", parent_pub_cd_detail_id, tenant_id, if_delete, creator, create_tm, modifier, modify_tm, cn_abbr, en_abbr) VALUES (771738371344175104, 771732384906350592, '208', '土地收储项目-其他土储项目', '', '', 771732673239584768, 1, '0', 1533642897907507201, '2024-06-26 13:48:58.000000', 1533642897907507201, '2024-06-26 14:12:45.980153', '', '');
INSERT INTO ds_pub_cd_detail (pub_cd_detail_id, pub_cd_std_id, value_num, cn_name, en_name, "describe", parent_pub_cd_detail_id, tenant_id, if_delete, creator, create_tm, modifier, modify_tm, cn_abbr, en_abbr) VALUES (771738426490884096, 771732384906350592, '209', '其他项目', '', '', 771732673239584768, 1, '0', 1533642897907507201, '2024-06-26 13:48:58.000000', 1533642897907507201, '2024-06-26 14:12:59.127263', '', '');
INSERT INTO ds_pub_cd_detail (pub_cd_detail_id, pub_cd_std_id, value_num, cn_name, en_name, "describe", parent_pub_cd_detail_id, tenant_id, if_delete, creator, create_tm, modifier, modify_tm, cn_abbr, en_abbr) VALUES (771740404751142912, 771740000214716416, '1', '身份证', '', '', -1, 1, '0', 1533642897907507201, '2024-06-26 14:19:14.000000', 1533642897907507201, '2024-06-26 14:20:50.904905', '', '');
INSERT INTO ds_pub_cd_detail (pub_cd_detail_id, pub_cd_std_id, value_num, cn_name, en_name, "describe", parent_pub_cd_detail_id, tenant_id, if_delete, creator, create_tm, modifier, modify_tm, cn_abbr, en_abbr) VALUES (771740465400778752, 771740000214716416, '2', '学生证', '', '', -1, 1, '0', 1533642897907507201, '2024-06-26 14:19:14.000000', 1533642897907507201, '2024-06-26 14:21:05.245478', '', '');
INSERT INTO ds_pub_cd_detail (pub_cd_detail_id, pub_cd_std_id, value_num, cn_name, en_name, "describe", parent_pub_cd_detail_id, tenant_id, if_delete, creator, create_tm, modifier, modify_tm, cn_abbr, en_abbr) VALUES (771740578118504448, 771740000214716416, '3', '工作证', '', '', -1, 1, '0', 1533642897907507201, '2024-06-26 14:19:14.000000', 1533642897907507201, '2024-06-26 14:21:32.130506', '', '');
INSERT INTO ds_pub_cd_detail (pub_cd_detail_id, pub_cd_std_id, value_num, cn_name, en_name, "describe", parent_pub_cd_detail_id, tenant_id, if_delete, creator, create_tm, modifier, modify_tm, cn_abbr, en_abbr) VALUES (771740611807154176, 771740000214716416, '4', '士兵证', '', '', -1, 1, '0', 1533642897907507201, '2024-06-26 14:19:14.000000', 1533642897907507201, '2024-06-26 14:21:40.154269', '', '');
INSERT INTO ds_pub_cd_detail (pub_cd_detail_id, pub_cd_std_id, value_num, cn_name, en_name, "describe", parent_pub_cd_detail_id, tenant_id, if_delete, creator, create_tm, modifier, modify_tm, cn_abbr, en_abbr) VALUES (771740662486929408, 771740000214716416, '5', '军官证', '', '', -1, 1, '0', 1533642897907507201, '2024-06-26 14:19:14.000000', 1533642897907507201, '2024-06-26 14:21:52.236254', '', '');
INSERT INTO ds_pub_cd_detail (pub_cd_detail_id, pub_cd_std_id, value_num, cn_name, en_name, "describe", parent_pub_cd_detail_id, tenant_id, if_delete, creator, create_tm, modifier, modify_tm, cn_abbr, en_abbr) VALUES (771740711451234304, 771740000214716416, '6', '户口本', '', '', -1, 1, '0', 1533642897907507201, '2024-06-26 14:19:14.000000', 1533642897907507201, '2024-06-26 14:22:03.925210', '', '');
INSERT INTO ds_pub_cd_detail (pub_cd_detail_id, pub_cd_std_id, value_num, cn_name, en_name, "describe", parent_pub_cd_detail_id, tenant_id, if_delete, creator, create_tm, modifier, modify_tm, cn_abbr, en_abbr) VALUES (771740745408319488, 771740000214716416, '6', '护照', '', '', -1, 1, '0', 1533642897907507201, '2024-06-26 14:19:14.000000', 1533642897907507201, '2024-06-26 14:22:11.997164', '', '');
INSERT INTO ds_pub_cd_detail (pub_cd_detail_id, pub_cd_std_id, value_num, cn_name, en_name, "describe", parent_pub_cd_detail_id, tenant_id, if_delete, creator, create_tm, modifier, modify_tm, cn_abbr, en_abbr) VALUES (771740783526154240, 771740000214716416, '7', '港澳身份证', '', '', -1, 1, '0', 1533642897907507201, '2024-06-26 14:19:14.000000', 1533642897907507201, '2024-06-26 14:22:21.091511', '', '');
INSERT INTO ds_pub_cd_detail (pub_cd_detail_id, pub_cd_std_id, value_num, cn_name, en_name, "describe", parent_pub_cd_detail_id, tenant_id, if_delete, creator, create_tm, modifier, modify_tm, cn_abbr, en_abbr) VALUES (771740820830294016, 771740000214716416, '9', '其他证件', '', '', -1, 1, '0', 1533642897907507201, '2024-06-26 14:19:14.000000', 1533642897907507201, '2024-06-26 14:22:29.985748', '', '');
INSERT INTO ds_pub_cd_detail (pub_cd_detail_id, pub_cd_std_id, value_num, cn_name, en_name, "describe", parent_pub_cd_detail_id, tenant_id, if_delete, creator, create_tm, modifier, modify_tm, cn_abbr, en_abbr) VALUES (771702725741252608, 771700121325932544, '1', '在用', '', '', -1, 1, '0', 1533642897907507201, '2024-06-26 13:34:13.000000', 1533642897907507201, '2024-06-26 11:51:07.413291', '', '');
INSERT INTO ds_pub_cd_detail (pub_cd_detail_id, pub_cd_std_id, value_num, cn_name, en_name, "describe", parent_pub_cd_detail_id, tenant_id, if_delete, creator, create_tm, modifier, modify_tm, cn_abbr, en_abbr) VALUES (771702765394202624, 771700121325932544, '2', '出租出借', '', '', -1, 1, '0', 1533642897907507201, '2024-06-26 13:34:13.000000', 1533642897907507201, '2024-06-26 11:51:16.874240', '', '');
INSERT INTO ds_pub_cd_detail (pub_cd_detail_id, pub_cd_std_id, value_num, cn_name, en_name, "describe", parent_pub_cd_detail_id, tenant_id, if_delete, creator, create_tm, modifier, modify_tm, cn_abbr, en_abbr) VALUES (771730022095523840, 771729802649538560, '1', '省级', '', '', -1, 1, '0', 1533642897907507201, '2024-06-26 13:38:42.000000', 1533642897907507201, '2024-06-26 13:39:35.361374', '', '');
INSERT INTO ds_pub_cd_detail (pub_cd_detail_id, pub_cd_std_id, value_num, cn_name, en_name, "describe", parent_pub_cd_detail_id, tenant_id, if_delete, creator, create_tm, modifier, modify_tm, cn_abbr, en_abbr) VALUES (771730055700287488, 771729802649538560, '2', '市级', '', '', -1, 1, '0', 1533642897907507201, '2024-06-26 13:38:42.000000', 1533642897907507201, '2024-06-26 13:39:43.478582', '', '');
INSERT INTO ds_pub_cd_detail (pub_cd_detail_id, pub_cd_std_id, value_num, cn_name, en_name, "describe", parent_pub_cd_detail_id, tenant_id, if_delete, creator, create_tm, modifier, modify_tm, cn_abbr, en_abbr) VALUES (771730085752475648, 771729802649538560, '3', '区县级', '', '', -1, 1, '0', 1533642897907507201, '2024-06-26 13:38:42.000000', 1533642897907507201, '2024-06-26 13:39:50.536932', '', '');
INSERT INTO ds_pub_cd_detail (pub_cd_detail_id, pub_cd_std_id, value_num, cn_name, en_name, "describe", parent_pub_cd_detail_id, tenant_id, if_delete, creator, create_tm, modifier, modify_tm, cn_abbr, en_abbr) VALUES (771702800282423296, 771700121325932544, '3', '闲置', '', '', -1, 1, '0', 1533642897907507201, '2024-06-26 13:34:13.000000', 1533642897907507201, '2024-06-26 11:51:25.182118', '', '');
INSERT INTO ds_pub_cd_detail (pub_cd_detail_id, pub_cd_std_id, value_num, cn_name, en_name, "describe", parent_pub_cd_detail_id, tenant_id, if_delete, creator, create_tm, modifier, modify_tm, cn_abbr, en_abbr) VALUES (771702837452345344, 771700121325932544, '4', '待处置', '', '', -1, 1, '0', 1533642897907507201, '2024-06-26 13:34:13.000000', 1533642897907507201, '2024-06-26 11:51:34.040259', '', '');
INSERT INTO ds_pub_cd_detail (pub_cd_detail_id, pub_cd_std_id, value_num, cn_name, en_name, "describe", parent_pub_cd_detail_id, tenant_id, if_delete, creator, create_tm, modifier, modify_tm, cn_abbr, en_abbr) VALUES (771702875406602240, 771700121325932544, '5', '盘亏', '', '', -1, 1, '0', 1533642897907507201, '2024-06-26 13:34:13.000000', 1533642897907507201, '2024-06-26 11:51:43.089421', '', '');
INSERT INTO ds_pub_cd_detail (pub_cd_detail_id, pub_cd_std_id, value_num, cn_name, en_name, "describe", parent_pub_cd_detail_id, tenant_id, if_delete, creator, create_tm, modifier, modify_tm, cn_abbr, en_abbr) VALUES (771702907388170240, 771700121325932544, '6', '逾期在用', '', '', -1, 1, '0', 1533642897907507201, '2024-06-26 13:34:13.000000', 1533642897907507201, '2024-06-26 11:51:50.717452', '', '');
INSERT INTO ds_pub_cd_detail (pub_cd_detail_id, pub_cd_std_id, value_num, cn_name, en_name, "describe", parent_pub_cd_detail_id, tenant_id, if_delete, creator, create_tm, modifier, modify_tm, cn_abbr, en_abbr) VALUES (771702957422022656, 771700121325932544, '7', '报废', '', '', -1, 1, '0', 1533642897907507201, '2024-06-26 13:34:13.000000', 1533642897907507201, '2024-06-26 11:52:02.646751', '', '');
INSERT INTO ds_pub_cd_detail (pub_cd_detail_id, pub_cd_std_id, value_num, cn_name, en_name, "describe", parent_pub_cd_detail_id, tenant_id, if_delete, creator, create_tm, modifier, modify_tm, cn_abbr, en_abbr) VALUES (771703007493623808, 771700121325932544, '9', '其他', '', '', -1, 1, '0', 1533642897907507201, '2024-06-26 13:34:13.000000', 1533642897907507201, '2024-06-26 11:52:14.582198', '', '');




INSERT INTO ds_base_std_item (base_std_item_id, cn_name, cn_abbr, en_name, en_abbr, reference_base_std_id, reference_pub_cd_std_id, data_format, biz_def, "domain", data_len, ext_meta_module_json, switch_status_cd, edit_user_id, tenant_id, if_delete, creator, create_tm, modifier, modify_tm, ext_meta_module_def_id, std_num, unit, publish_status_cd, copy_base_std_id, alias, biz_subject_id, biz_rule, origin_according, decide_biz_sys_id, info_type_cd, data_scale, datatype_id, edit_status_cd, if_enable_null, biz_charge, tech_charge, mgmt_charge, if_continuous_domain, important_grade_cd, secu_grade_cd, ds_category_id, "describe", if_exist_domain, mgmt_auth, edit_auth) VALUES (247313392107279596, '绩效工资', '绩效工资', 'MeritPay', 'MeritPay', -1, -1, '', '事业单位工作人员的绩效工资', '', 255, '{}', '0', -1, 1, '0', 1533642897907507201, '2024-06-21 18:55:13.000000', 1533642897907507201, '2024-06-27 18:27:07.000000', -1, 'BE02054', '', '', -1, '', -1, '', '《规范》要素目录', -1, '', -1, 10007, 'effect_complete', '', '{"roles": [], "users": [], "groups": [], "organizations": []}', '{"roles": [], "users": [], "groups": [], "organizations": []}', '{"roles": [], "users": [], "groups": [], "organizations": []}', '', '', '', 769938008626565120, '', '', null, null);
INSERT INTO ds_base_std_item (base_std_item_id, cn_name, cn_abbr, en_name, en_abbr, reference_base_std_id, reference_pub_cd_std_id, data_format, biz_def, "domain", data_len, ext_meta_module_json, switch_status_cd, edit_user_id, tenant_id, if_delete, creator, create_tm, modifier, modify_tm, ext_meta_module_def_id, std_num, unit, publish_status_cd, copy_base_std_id, alias, biz_subject_id, biz_rule, origin_according, decide_biz_sys_id, info_type_cd, data_scale, datatype_id, edit_status_cd, if_enable_null, biz_charge, tech_charge, mgmt_charge, if_continuous_domain, important_grade_cd, secu_grade_cd, ds_category_id, "describe", if_exist_domain, mgmt_auth, edit_auth) VALUES (247313392107279591, '证件类型名称', '证件类型名称', 'IdenTypeName', 'IdenTypeName', -1, -1, '', '证件类型名称', '', 255, '{}', '0', -1, 1, '0', 1533642897907507201, '2024-06-21 18:55:13.000000', 1533642897907507201, '2024-06-27 18:27:07.000000', -1, 'BE02048', '', '', -1, '', -1, '', '《规范》要素目录', -1, '', -1, 10007, 'effect_complete', '', '{"roles": [], "users": [], "groups": [], "organizations": []}', '{"roles": [], "users": [], "groups": [], "organizations": []}', '{"roles": [], "users": [], "groups": [], "organizations": []}', '', '', '', 769938008626565120, '', '', null, null);
INSERT INTO ds_base_std_item (base_std_item_id, cn_name, cn_abbr, en_name, en_abbr, reference_base_std_id, reference_pub_cd_std_id, data_format, biz_def, "domain", data_len, ext_meta_module_json, switch_status_cd, edit_user_id, tenant_id, if_delete, creator, create_tm, modifier, modify_tm, ext_meta_module_def_id, std_num, unit, publish_status_cd, copy_base_std_id, alias, biz_subject_id, biz_rule, origin_according, decide_biz_sys_id, info_type_cd, data_scale, datatype_id, edit_status_cd, if_enable_null, biz_charge, tech_charge, mgmt_charge, if_continuous_domain, important_grade_cd, secu_grade_cd, ds_category_id, "describe", if_exist_domain, mgmt_auth, edit_auth) VALUES (247313392111473904, '人员经费保障方式名称', '人员经费保障方式名称', 'FundModeName', 'FundModeName', -1, -1, '', '人员经费保障方式名称', '', 255, '{}', '0', -1, 1, '0', 1533642897907507201, '2024-06-21 18:55:13.000000', 1533642897907507201, '2024-06-27 18:27:07.000000', -1, 'BE02058', '', '', -1, '', -1, '', '《规范》要素目录', -1, '', -1, 10007, 'effect_complete', '', '{"roles": [], "users": [], "groups": [], "organizations": []}', '{"roles": [], "users": [], "groups": [], "organizations": []}', '{"roles": [], "users": [], "groups": [], "organizations": []}', '', '', '', 769938008626565120, '', '', null, null);
INSERT INTO ds_base_std_item (base_std_item_id, cn_name, cn_abbr, en_name, en_abbr, reference_base_std_id, reference_pub_cd_std_id, data_format, biz_def, "domain", data_len, ext_meta_module_json, switch_status_cd, edit_user_id, tenant_id, if_delete, creator, create_tm, modifier, modify_tm, ext_meta_module_def_id, std_num, unit, publish_status_cd, copy_base_std_id, alias, biz_subject_id, biz_rule, origin_according, decide_biz_sys_id, info_type_cd, data_scale, datatype_id, edit_status_cd, if_enable_null, biz_charge, tech_charge, mgmt_charge, if_continuous_domain, important_grade_cd, secu_grade_cd, ds_category_id, "describe", if_exist_domain, mgmt_auth, edit_auth) VALUES (247260749964005632, '指标1', '', 'ww22222222', 'ww22222222', -1, -1, '', '1', '', 1, '{}', '0', -1, 1, '1', 1533642897907507201, '2024-06-21 15:25:56.000000', 1533642897907507201, '2024-06-21 17:21:03.000000', -1, '1', 'w', '', -1, 'ww22222222', -1, 'ww22222222', 'ww22222222', -1, '', 11, 10010, 'effect_is_del', '', '{"roles": [], "users": [], "groups": [], "organizations": []}', '{"roles": [], "users": [], "groups": [], "organizations": []}', '{"roles": [], "users": [], "groups": [], "organizations": []}', '', '', '', 763708631161114624, 'ww22222222', '', null, null);
INSERT INTO ds_base_std_item (base_std_item_id, cn_name, cn_abbr, en_name, en_abbr, reference_base_std_id, reference_pub_cd_std_id, data_format, biz_def, "domain", data_len, ext_meta_module_json, switch_status_cd, edit_user_id, tenant_id, if_delete, creator, create_tm, modifier, modify_tm, ext_meta_module_def_id, std_num, unit, publish_status_cd, copy_base_std_id, alias, biz_subject_id, biz_rule, origin_according, decide_biz_sys_id, info_type_cd, data_scale, datatype_id, edit_status_cd, if_enable_null, biz_charge, tech_charge, mgmt_charge, if_continuous_domain, important_grade_cd, secu_grade_cd, ds_category_id, "describe", if_exist_domain, mgmt_auth, edit_auth) VALUES (247289819607093760, '联系人', '联系人', 'Contacts', '', -1, -1, '', '业务联系人姓名', '', 255, '{}', '0', -1, 1, '0', 1533642897907507201, '2024-06-21 17:21:32.000000', 1533642897907507201, '2024-06-21 18:23:45.000000', -1, 'BE00032', '', '', -1, '', -1, '', '《规范》要素目录', -1, '', -1, 10007, 'effect_complete', '', '{"roles": [], "users": [], "groups": [], "organizations": []}', '{"roles": [], "users": [], "groups": [], "organizations": []}', '{"roles": [], "users": [], "groups": [], "organizations": []}', '', '', '', 769937851554074624, '', '', null, null);
INSERT INTO ds_base_std_item (base_std_item_id, cn_name, cn_abbr, en_name, en_abbr, reference_base_std_id, reference_pub_cd_std_id, data_format, biz_def, "domain", data_len, ext_meta_module_json, switch_status_cd, edit_user_id, tenant_id, if_delete, creator, create_tm, modifier, modify_tm, ext_meta_module_def_id, std_num, unit, publish_status_cd, copy_base_std_id, alias, biz_subject_id, biz_rule, origin_according, decide_biz_sys_id, info_type_cd, data_scale, datatype_id, edit_status_cd, if_enable_null, biz_charge, tech_charge, mgmt_charge, if_continuous_domain, important_grade_cd, secu_grade_cd, ds_category_id, "describe", if_exist_domain, mgmt_auth, edit_auth) VALUES (247313392111473909, '在职教职工类型', '在职教职工类型', 'ServTecType', 'ServTecType', -1, -1, '', '在职教职工类型', '', 256, '{}', '0', -1, 1, '0', 1533642897907507201, '2024-06-21 18:55:13.000000', 1533642897907507201, '2024-06-21 19:01:43.000000', -1, 'BE02063', '', '', -1, '', -1, '', '《地方财政分析评价系统整合方案》', -1, '', -1, 10007, 'effect_complete', '', '{"roles": [], "users": [], "groups": [], "organizations": []}', '{"roles": [], "users": [], "groups": [], "organizations": []}', '{"roles": [], "users": [], "groups": [], "organizations": []}', '', '', '', 769938008626565120, '', '', null, null);
INSERT INTO ds_base_std_item (base_std_item_id, cn_name, cn_abbr, en_name, en_abbr, reference_base_std_id, reference_pub_cd_std_id, data_format, biz_def, "domain", data_len, ext_meta_module_json, switch_status_cd, edit_user_id, tenant_id, if_delete, creator, create_tm, modifier, modify_tm, ext_meta_module_def_id, std_num, unit, publish_status_cd, copy_base_std_id, alias, biz_subject_id, biz_rule, origin_according, decide_biz_sys_id, info_type_cd, data_scale, datatype_id, edit_status_cd, if_enable_null, biz_charge, tech_charge, mgmt_charge, if_continuous_domain, important_grade_cd, secu_grade_cd, ds_category_id, "describe", if_exist_domain, mgmt_auth, edit_auth) VALUES (247313392111473907, '人员发放类型代码', '人员发放类型代码', 'AssistTypeCode', 'AssistTypeCode', -1, -1, '', '人员发放类型代码', '', 255, '{}', '0', -1, 1, '0', 1533642897907507201, '2024-06-21 18:55:13.000000', 1533642897907507201, '2024-06-21 19:01:43.000000', -1, 'BE02061', '', '', -1, '', -1, '', '《规范》要素目录', -1, '', -1, 10007, 'effect_complete', '', '{"roles": [], "users": [], "groups": [], "organizations": []}', '{"roles": [], "users": [], "groups": [], "organizations": []}', '{"roles": [], "users": [], "groups": [], "organizations": []}', '', '', '', 769938008626565120, '', '', null, null);
INSERT INTO ds_base_std_item (base_std_item_id, cn_name, cn_abbr, en_name, en_abbr, reference_base_std_id, reference_pub_cd_std_id, data_format, biz_def, "domain", data_len, ext_meta_module_json, switch_status_cd, edit_user_id, tenant_id, if_delete, creator, create_tm, modifier, modify_tm, ext_meta_module_def_id, std_num, unit, publish_status_cd, copy_base_std_id, alias, biz_subject_id, biz_rule, origin_according, decide_biz_sys_id, info_type_cd, data_scale, datatype_id, edit_status_cd, if_enable_null, biz_charge, tech_charge, mgmt_charge, if_continuous_domain, important_grade_cd, secu_grade_cd, ds_category_id, "describe", if_exist_domain, mgmt_auth, edit_auth) VALUES (247289819602899446, '是否启用', '是否启用', 'IsEnabled', '', -1, -1, '', '是否启用', '', 255, '{}', '0', -1, 1, '0', 1533642897907507201, '2024-06-21 17:21:32.000000', 1533642897907507201, '2024-06-21 19:01:43.000000', -1, 'BE00022', '', '', -1, '', -1, '', '', -1, '', -1, 10007, 'effect_complete', '', '{"roles": [], "users": [], "groups": [], "organizations": []}', '{"roles": [], "users": [], "groups": [], "organizations": []}', '{"roles": [], "users": [], "groups": [], "organizations": []}', '', '', '', 769937851554074624, '', '', null, null);
INSERT INTO ds_base_std_item (base_std_item_id, cn_name, cn_abbr, en_name, en_abbr, reference_base_std_id, reference_pub_cd_std_id, data_format, biz_def, "domain", data_len, ext_meta_module_json, switch_status_cd, edit_user_id, tenant_id, if_delete, creator, create_tm, modifier, modify_tm, ext_meta_module_def_id, std_num, unit, publish_status_cd, copy_base_std_id, alias, biz_subject_id, biz_rule, origin_according, decide_biz_sys_id, info_type_cd, data_scale, datatype_id, edit_status_cd, if_enable_null, biz_charge, tech_charge, mgmt_charge, if_continuous_domain, important_grade_cd, secu_grade_cd, ds_category_id, "describe", if_exist_domain, mgmt_auth, edit_auth) VALUES (247313392107279595, '年终一次性奖金', '年终一次性奖金', 'YearLumpSunmBon', 'YearLumpSunmBon', -1, -1, '', '年终一次性奖金', '', 255, '{}', '0', -1, 1, '0', 1533642897907507201, '2024-06-21 18:55:13.000000', 1533642897907507201, '2024-06-21 19:01:43.000000', -1, 'BE02053', '', '', -1, '', -1, '', '《规范》要素目录', -1, '', -1, 10007, 'effect_complete', '', '{"roles": [], "users": [], "groups": [], "organizations": []}', '{"roles": [], "users": [], "groups": [], "organizations": []}', '{"roles": [], "users": [], "groups": [], "organizations": []}', '', '', '', 769938008626565120, '', '', null, null);
INSERT INTO ds_base_std_item (base_std_item_id, cn_name, cn_abbr, en_name, en_abbr, reference_base_std_id, reference_pub_cd_std_id, data_format, biz_def, "domain", data_len, ext_meta_module_json, switch_status_cd, edit_user_id, tenant_id, if_delete, creator, create_tm, modifier, modify_tm, ext_meta_module_def_id, std_num, unit, publish_status_cd, copy_base_std_id, alias, biz_subject_id, biz_rule, origin_according, decide_biz_sys_id, info_type_cd, data_scale, datatype_id, edit_status_cd, if_enable_null, biz_charge, tech_charge, mgmt_charge, if_continuous_domain, important_grade_cd, secu_grade_cd, ds_category_id, "describe", if_exist_domain, mgmt_auth, edit_auth) VALUES (247313392111473905, '户口本号', '户口本号', 'RegisterNo', 'RegisterNo', -1, -1, '', '户口本号', '', 255, '{}', '0', -1, 1, '0', 1533642897907507201, '2024-06-21 18:55:13.000000', 1533642897907507201, '2024-06-25 10:25:04.000000', -1, 'BE02059', '', '', -1, '', -1, '', '《规范》要素目录', -1, '', -1, 10007, 'effect_complete', '', '{"roles": [], "users": [], "groups": [], "organizations": []}', '{"roles": [], "users": [], "groups": [], "organizations": []}', '{"roles": [], "users": [], "groups": [], "organizations": []}', '', '', '', 769938008626565120, '', '', null, null);
INSERT INTO ds_base_std_item (base_std_item_id, cn_name, cn_abbr, en_name, en_abbr, reference_base_std_id, reference_pub_cd_std_id, data_format, biz_def, "domain", data_len, ext_meta_module_json, switch_status_cd, edit_user_id, tenant_id, if_delete, creator, create_tm, modifier, modify_tm, ext_meta_module_def_id, std_num, unit, publish_status_cd, copy_base_std_id, alias, biz_subject_id, biz_rule, origin_according, decide_biz_sys_id, info_type_cd, data_scale, datatype_id, edit_status_cd, if_enable_null, biz_charge, tech_charge, mgmt_charge, if_continuous_domain, important_grade_cd, secu_grade_cd, ds_category_id, "describe", if_exist_domain, mgmt_auth, edit_auth) VALUES (249466145558518397, '企业名称', '企业名称', 'company_name', '', -1, -1, '', '描述企业经过法律程序登记并在公共活动中使用的中文全称，如营业执照、组织机构代码等法定证书上的中文名称。', '', 255, '{}', '0', -1, 1, '0', 1533642897907507201, '2024-06-27 17:30:11.000000', 1533642897907507201, '2024-06-27 17:30:11.000000', -1, 'CZBZ01001', '', '', -1, '', -1, '描述企业经过法律程序登记并在公共活动中使用的中文全称，如营业执照、组织机构代码等法定证书上的中文名称。', '信息系统建设需求', -1, '', -1, 10007, 'effect_complete', '', '{}', '{}', '{}', '', '', '', 772145175018475520, '', '', null, null);
INSERT INTO ds_base_std_item (base_std_item_id, cn_name, cn_abbr, en_name, en_abbr, reference_base_std_id, reference_pub_cd_std_id, data_format, biz_def, "domain", data_len, ext_meta_module_json, switch_status_cd, edit_user_id, tenant_id, if_delete, creator, create_tm, modifier, modify_tm, ext_meta_module_def_id, std_num, unit, publish_status_cd, copy_base_std_id, alias, biz_subject_id, biz_rule, origin_according, decide_biz_sys_id, info_type_cd, data_scale, datatype_id, edit_status_cd, if_enable_null, biz_charge, tech_charge, mgmt_charge, if_continuous_domain, important_grade_cd, secu_grade_cd, ds_category_id, "describe", if_exist_domain, mgmt_auth, edit_auth) VALUES (249466145558518398, '企业规模', '企业规模', 'enterprise scale', '', -1, -1, '', '描述依据从业人数、营业收入、资产总额对企业的划分，如：大型企业、中型企业、小型企业等。', '', 256, '{}', '0', -1, 1, '0', 1533642897907507201, '2024-06-27 17:30:11.000000', 1533642897907507201, '2024-06-27 17:30:11.000000', -1, 'CZBZ01002', '', '', -1, '', -1, '描述依据从业人数、营业收入、资产总额对企业的划分，如：大型企业、中型企业、小型企业等。', '信息系统建设需求', -1, '', -1, 10007, 'effect_complete', '', '{}', '{}', '{}', '', '', '', 772145175018475520, '', '', null, null);
INSERT INTO ds_base_std_item (base_std_item_id, cn_name, cn_abbr, en_name, en_abbr, reference_base_std_id, reference_pub_cd_std_id, data_format, biz_def, "domain", data_len, ext_meta_module_json, switch_status_cd, edit_user_id, tenant_id, if_delete, creator, create_tm, modifier, modify_tm, ext_meta_module_def_id, std_num, unit, publish_status_cd, copy_base_std_id, alias, biz_subject_id, biz_rule, origin_according, decide_biz_sys_id, info_type_cd, data_scale, datatype_id, edit_status_cd, if_enable_null, biz_charge, tech_charge, mgmt_charge, if_continuous_domain, important_grade_cd, secu_grade_cd, ds_category_id, "describe", if_exist_domain, mgmt_auth, edit_auth) VALUES (249466145558518399, '企业性质', '企业性质', 'enterprise nature', '', -1, -1, '', '描述企业性质，如：企业、国有、事业单位等。', '', 257, '{}', '0', -1, 1, '0', 1533642897907507201, '2024-06-27 17:30:11.000000', 1533642897907507201, '2024-06-27 17:30:11.000000', -1, 'CZBZ01003', '', '', -1, '', -1, '描述企业性质，如：企业、国有、事业单位等。', '信息系统建设需求', -1, '', -1, 10007, 'effect_complete', '', '{}', '{}', '{}', '', '', '', 772145175018475520, '', '', null, null);
INSERT INTO ds_base_std_item (base_std_item_id, cn_name, cn_abbr, en_name, en_abbr, reference_base_std_id, reference_pub_cd_std_id, data_format, biz_def, "domain", data_len, ext_meta_module_json, switch_status_cd, edit_user_id, tenant_id, if_delete, creator, create_tm, modifier, modify_tm, ext_meta_module_def_id, std_num, unit, publish_status_cd, copy_base_std_id, alias, biz_subject_id, biz_rule, origin_according, decide_biz_sys_id, info_type_cd, data_scale, datatype_id, edit_status_cd, if_enable_null, biz_charge, tech_charge, mgmt_charge, if_continuous_domain, important_grade_cd, secu_grade_cd, ds_category_id, "describe", if_exist_domain, mgmt_auth, edit_auth) VALUES (249466145558518400, '注册资本', '注册资本', 'registered capital', '', -1, -1, '', '描述企业在登记机关依法登记的全体股东认缴的出资额或全体发起人认购的股本总额。', '', 258, '{}', '0', -1, 1, '0', 1533642897907507201, '2024-06-27 17:30:11.000000', 1533642897907507201, '2024-06-27 17:30:11.000000', -1, 'CZBZ01004', '', '', -1, '', -1, '描述企业在登记机关依法登记的全体股东认缴的出资额或全体发起人认购的股本总额。', '信息系统建设需求', -1, '', -1, 10007, 'effect_complete', '', '{}', '{}', '{}', '', '', '', 772145175018475520, '', '', null, null);
INSERT INTO ds_base_std_item (base_std_item_id, cn_name, cn_abbr, en_name, en_abbr, reference_base_std_id, reference_pub_cd_std_id, data_format, biz_def, "domain", data_len, ext_meta_module_json, switch_status_cd, edit_user_id, tenant_id, if_delete, creator, create_tm, modifier, modify_tm, ext_meta_module_def_id, std_num, unit, publish_status_cd, copy_base_std_id, alias, biz_subject_id, biz_rule, origin_according, decide_biz_sys_id, info_type_cd, data_scale, datatype_id, edit_status_cd, if_enable_null, biz_charge, tech_charge, mgmt_charge, if_continuous_domain, important_grade_cd, secu_grade_cd, ds_category_id, "describe", if_exist_domain, mgmt_auth, edit_auth) VALUES (249466145558518401, '国民经济行业', '国民经济行业', 'National Economic Industries', '', -1, -1, '', '描述根据企业经济活动的性质对企业经济活动的分类门类。', '', 259, '{}', '0', -1, 1, '0', 1533642897907507201, '2024-06-27 17:30:11.000000', 1533642897907507201, '2024-06-27 17:30:11.000000', -1, 'CZBZ01005', '', '', -1, '', -1, '描述根据企业经济活动的性质对企业经济活动的分类门类。', '信息系统建设需求', -1, '', -1, 10007, 'effect_complete', '', '{}', '{}', '{}', '', '', '', 772145175018475520, '', '', null, null);
INSERT INTO ds_base_std_item (base_std_item_id, cn_name, cn_abbr, en_name, en_abbr, reference_base_std_id, reference_pub_cd_std_id, data_format, biz_def, "domain", data_len, ext_meta_module_json, switch_status_cd, edit_user_id, tenant_id, if_delete, creator, create_tm, modifier, modify_tm, ext_meta_module_def_id, std_num, unit, publish_status_cd, copy_base_std_id, alias, biz_subject_id, biz_rule, origin_according, decide_biz_sys_id, info_type_cd, data_scale, datatype_id, edit_status_cd, if_enable_null, biz_charge, tech_charge, mgmt_charge, if_continuous_domain, important_grade_cd, secu_grade_cd, ds_category_id, "describe", if_exist_domain, mgmt_auth, edit_auth) VALUES (249466145558518402, '主营业务收入', '主营业务收入', 'main business income', '', -1, -1, '', '描述财务报表所载明的企业的主营业务收入。', '', 260, '{}', '0', -1, 1, '0', 1533642897907507201, '2024-06-27 17:30:11.000000', 1533642897907507201, '2024-06-27 17:30:11.000000', -1, 'CZBZ01006', '', '', -1, '', -1, '描述财务报表所载明的企业的主营业务收入。', '信息系统建设需求', -1, '', -1, 10007, 'effect_complete', '', '{}', '{}', '{}', '', '', '', 772145175018475520, '', '', null, null);
INSERT INTO ds_base_std_item (base_std_item_id, cn_name, cn_abbr, en_name, en_abbr, reference_base_std_id, reference_pub_cd_std_id, data_format, biz_def, "domain", data_len, ext_meta_module_json, switch_status_cd, edit_user_id, tenant_id, if_delete, creator, create_tm, modifier, modify_tm, ext_meta_module_def_id, std_num, unit, publish_status_cd, copy_base_std_id, alias, biz_subject_id, biz_rule, origin_according, decide_biz_sys_id, info_type_cd, data_scale, datatype_id, edit_status_cd, if_enable_null, biz_charge, tech_charge, mgmt_charge, if_continuous_domain, important_grade_cd, secu_grade_cd, ds_category_id, "describe", if_exist_domain, mgmt_auth, edit_auth) VALUES (249468475452447363, '股东类型', '股东类型', 'Types of Shareholders', '', -1, -1, '', '描述企业股东的组织机构类型，如：法人、非法人等。', '', 255, '{}', '0', -1, 1, '0', 1533642897907507201, '2024-06-27 17:39:26.000000', 1533642897907507201, '2024-06-27 17:39:26.000000', -1, 'CZBZ01007', '', '', -1, '', -1, '', '信息系统建设需求', -1, '', -1, 10007, 'effect_complete', '', '{}', '{}', '{}', '', '', '', 772150751911874560, '', '', null, null);
INSERT INTO ds_base_std_item (base_std_item_id, cn_name, cn_abbr, en_name, en_abbr, reference_base_std_id, reference_pub_cd_std_id, data_format, biz_def, "domain", data_len, ext_meta_module_json, switch_status_cd, edit_user_id, tenant_id, if_delete, creator, create_tm, modifier, modify_tm, ext_meta_module_def_id, std_num, unit, publish_status_cd, copy_base_std_id, alias, biz_subject_id, biz_rule, origin_according, decide_biz_sys_id, info_type_cd, data_scale, datatype_id, edit_status_cd, if_enable_null, biz_charge, tech_charge, mgmt_charge, if_continuous_domain, important_grade_cd, secu_grade_cd, ds_category_id, "describe", if_exist_domain, mgmt_auth, edit_auth) VALUES (249468475456641668, '股东持股比例', '股东持股比例', 'Shareholder Share', '', -1, -1, '', '描述企业股东持有企业股份的百分率。', '', 256, '{}', '0', -1, 1, '0', 1533642897907507201, '2024-06-27 17:39:26.000000', 1533642897907507201, '2024-06-27 17:39:26.000000', -1, 'CZBZ01008', '', '', -1, '', -1, '', '信息系统建设需求', -1, '', -1, 10007, 'effect_complete', '', '{}', '{}', '{}', '', '', '', 772150751911874560, '', '', null, null);
INSERT INTO ds_base_std_item (base_std_item_id, cn_name, cn_abbr, en_name, en_abbr, reference_base_std_id, reference_pub_cd_std_id, data_format, biz_def, "domain", data_len, ext_meta_module_json, switch_status_cd, edit_user_id, tenant_id, if_delete, creator, create_tm, modifier, modify_tm, ext_meta_module_def_id, std_num, unit, publish_status_cd, copy_base_std_id, alias, biz_subject_id, biz_rule, origin_according, decide_biz_sys_id, info_type_cd, data_scale, datatype_id, edit_status_cd, if_enable_null, biz_charge, tech_charge, mgmt_charge, if_continuous_domain, important_grade_cd, secu_grade_cd, ds_category_id, "describe", if_exist_domain, mgmt_auth, edit_auth) VALUES (249469068476701317, '子公司名称', '子公司名称', 'Name of the subsidiary', '', -1, -1, '', '描述企业子公司名称。', '', 255, '{}', '0', -1, 1, '0', 1533642897907507201, '2024-06-27 17:41:47.000000', 1533642897907507201, '2024-06-27 17:41:47.000000', -1, 'CZBZ01009', '', '', -1, '', -1, '', '信息系统建设需求', -1, '', -1, 10007, 'effect_complete', '', '{}', '{}', '{}', '', '', '', 772153139020304384, '', '', null, null);
INSERT INTO ds_base_std_item (base_std_item_id, cn_name, cn_abbr, en_name, en_abbr, reference_base_std_id, reference_pub_cd_std_id, data_format, biz_def, "domain", data_len, ext_meta_module_json, switch_status_cd, edit_user_id, tenant_id, if_delete, creator, create_tm, modifier, modify_tm, ext_meta_module_def_id, std_num, unit, publish_status_cd, copy_base_std_id, alias, biz_subject_id, biz_rule, origin_according, decide_biz_sys_id, info_type_cd, data_scale, datatype_id, edit_status_cd, if_enable_null, biz_charge, tech_charge, mgmt_charge, if_continuous_domain, important_grade_cd, secu_grade_cd, ds_category_id, "describe", if_exist_domain, mgmt_auth, edit_auth) VALUES (249469068480895622, '子公司统一社会信用代码', '子公司统一社会信用代码', 'Subsidiaries Unified Social Credit Code', '', -1, -1, '', '描述企业子公司统一社会信用代码', '', 256, '{}', '0', -1, 1, '0', 1533642897907507201, '2024-06-27 17:41:47.000000', 1533642897907507201, '2024-06-27 17:41:47.000000', -1, 'CZBZ01010', '', '', -1, '', -1, '', '信息系统建设需求', -1, '', -1, 10007, 'effect_complete', '', '{}', '{}', '{}', '', '', '', 772153139020304384, '', '', null, null);
INSERT INTO ds_base_std_item (base_std_item_id, cn_name, cn_abbr, en_name, en_abbr, reference_base_std_id, reference_pub_cd_std_id, data_format, biz_def, "domain", data_len, ext_meta_module_json, switch_status_cd, edit_user_id, tenant_id, if_delete, creator, create_tm, modifier, modify_tm, ext_meta_module_def_id, std_num, unit, publish_status_cd, copy_base_std_id, alias, biz_subject_id, biz_rule, origin_according, decide_biz_sys_id, info_type_cd, data_scale, datatype_id, edit_status_cd, if_enable_null, biz_charge, tech_charge, mgmt_charge, if_continuous_domain, important_grade_cd, secu_grade_cd, ds_category_id, "describe", if_exist_domain, mgmt_auth, edit_auth) VALUES (249470026891942535, '姓名', '姓名', 'Name', '', -1, -1, '', '描述人员有效证件上所登记的中文名称。', '', 255, '{}', '0', -1, 1, '0', 1533642897907507201, '2024-06-27 17:45:36.000000', 1533642897907507201, '2024-06-27 17:45:36.000000', -1, 'CZBZ01011', '', '', -1, '', -1, '', '部标2.0', -1, '', -1, 10007, 'effect_complete', '', '{}', '{}', '{}', '', '', '', 772153368029302784, '', '', null, null);
INSERT INTO ds_base_std_item (base_std_item_id, cn_name, cn_abbr, en_name, en_abbr, reference_base_std_id, reference_pub_cd_std_id, data_format, biz_def, "domain", data_len, ext_meta_module_json, switch_status_cd, edit_user_id, tenant_id, if_delete, creator, create_tm, modifier, modify_tm, ext_meta_module_def_id, std_num, unit, publish_status_cd, copy_base_std_id, alias, biz_subject_id, biz_rule, origin_according, decide_biz_sys_id, info_type_cd, data_scale, datatype_id, edit_status_cd, if_enable_null, biz_charge, tech_charge, mgmt_charge, if_continuous_domain, important_grade_cd, secu_grade_cd, ds_category_id, "describe", if_exist_domain, mgmt_auth, edit_auth) VALUES (249470026896136840, '性别', '性别', 'sex', '', -1, -1, '', '描述人员的性别状况，如男、女等。', '', 256, '{}', '0', -1, 1, '0', 1533642897907507201, '2024-06-27 17:45:36.000000', 1533642897907507201, '2024-06-27 17:45:36.000000', -1, 'CZBZ01012', '', '', -1, '', -1, '', '部标2.0', -1, '', -1, 10007, 'effect_complete', '', '{}', '{}', '{}', '', '', '', 772153368029302784, '', '', null, null);
INSERT INTO ds_base_std_item (base_std_item_id, cn_name, cn_abbr, en_name, en_abbr, reference_base_std_id, reference_pub_cd_std_id, data_format, biz_def, "domain", data_len, ext_meta_module_json, switch_status_cd, edit_user_id, tenant_id, if_delete, creator, create_tm, modifier, modify_tm, ext_meta_module_def_id, std_num, unit, publish_status_cd, copy_base_std_id, alias, biz_subject_id, biz_rule, origin_according, decide_biz_sys_id, info_type_cd, data_scale, datatype_id, edit_status_cd, if_enable_null, biz_charge, tech_charge, mgmt_charge, if_continuous_domain, important_grade_cd, secu_grade_cd, ds_category_id, "describe", if_exist_domain, mgmt_auth, edit_auth) VALUES (249470026896136841, '民族', '民族', 'national', '', -1, -1, '', '描述人员的民族信息，如汉族、回族、维吾尔族等。', '', 255, '{}', '0', -1, 1, '0', 1533642897907507201, '2024-06-27 17:45:36.000000', 1533642897907507201, '2024-06-27 17:45:36.000000', -1, 'CZBZ01013', '', '', -1, '', -1, '', '部标2.0', -1, '', -1, 10007, 'effect_complete', '', '{}', '{}', '{}', '', '', '', 772153368029302784, '', '', null, null);
INSERT INTO ds_base_std_item (base_std_item_id, cn_name, cn_abbr, en_name, en_abbr, reference_base_std_id, reference_pub_cd_std_id, data_format, biz_def, "domain", data_len, ext_meta_module_json, switch_status_cd, edit_user_id, tenant_id, if_delete, creator, create_tm, modifier, modify_tm, ext_meta_module_def_id, std_num, unit, publish_status_cd, copy_base_std_id, alias, biz_subject_id, biz_rule, origin_according, decide_biz_sys_id, info_type_cd, data_scale, datatype_id, edit_status_cd, if_enable_null, biz_charge, tech_charge, mgmt_charge, if_continuous_domain, important_grade_cd, secu_grade_cd, ds_category_id, "describe", if_exist_domain, mgmt_auth, edit_auth) VALUES (249470706599877258, '单位名称', '单位名称', 'company name.', '', -1, -1, '', '描述人员所在工作单位名称。', '', 255, '{}', '0', -1, 1, '0', 1533642897907507201, '2024-06-27 17:48:18.000000', 1533642897907507201, '2024-06-27 17:48:18.000000', -1, 'CZBZ01016', '', '', -1, '', -1, '描述人员所在工作单位名称。', '部标2.0', -1, '', -1, 10007, 'effect_complete', '', '{}', '{}', '{}', '', '', '', 772153511092817920, '', '', null, null);
INSERT INTO ds_base_std_item (base_std_item_id, cn_name, cn_abbr, en_name, en_abbr, reference_base_std_id, reference_pub_cd_std_id, data_format, biz_def, "domain", data_len, ext_meta_module_json, switch_status_cd, edit_user_id, tenant_id, if_delete, creator, create_tm, modifier, modify_tm, ext_meta_module_def_id, std_num, unit, publish_status_cd, copy_base_std_id, alias, biz_subject_id, biz_rule, origin_according, decide_biz_sys_id, info_type_cd, data_scale, datatype_id, edit_status_cd, if_enable_null, biz_charge, tech_charge, mgmt_charge, if_continuous_domain, important_grade_cd, secu_grade_cd, ds_category_id, "describe", if_exist_domain, mgmt_auth, edit_auth) VALUES (249470706599877259, '进入本单位时间', '进入本单位时间', 'Time to Enter the Unit', '', -1, -1, '', '描述人员进入所在工作单位的时间。', '', 256, '{}', '0', -1, 1, '0', 1533642897907507201, '2024-06-27 17:48:18.000000', 1533642897907507201, '2024-06-27 17:48:18.000000', -1, 'CZBZ01017', '', '', -1, '', -1, '描述人员进入所在工作单位的时间。', '部标2.0', -1, '', -1, 10007, 'effect_complete', '', '{}', '{}', '{}', '', '', '', 772153511092817920, '', '', null, null);
INSERT INTO ds_base_std_item (base_std_item_id, cn_name, cn_abbr, en_name, en_abbr, reference_base_std_id, reference_pub_cd_std_id, data_format, biz_def, "domain", data_len, ext_meta_module_json, switch_status_cd, edit_user_id, tenant_id, if_delete, creator, create_tm, modifier, modify_tm, ext_meta_module_def_id, std_num, unit, publish_status_cd, copy_base_std_id, alias, biz_subject_id, biz_rule, origin_according, decide_biz_sys_id, info_type_cd, data_scale, datatype_id, edit_status_cd, if_enable_null, biz_charge, tech_charge, mgmt_charge, if_continuous_domain, important_grade_cd, secu_grade_cd, ds_category_id, "describe", if_exist_domain, mgmt_auth, edit_auth) VALUES (247313392107279574, '工资薪级名称', '工资薪级名称', 'PaySalaGrName', 'PaySalaGrName', -1, -1, '', '组织、人社等部门批准的工资薪级名称', '', 255, '{}', '0', -1, 1, '0', 1533642897907507201, '2024-06-21 18:55:13.000000', 1533642897907507201, '2024-06-27 18:27:07.000000', -1, 'BE02031', '', '', -1, '', -1, '', '《规范》要素目录', -1, '', -1, 10007, 'effect_complete', '', '{"roles": [], "users": [], "groups": [], "organizations": []}', '{"roles": [], "users": [], "groups": [], "organizations": []}', '{"roles": [], "users": [], "groups": [], "organizations": []}', '', '', '', 769938008626565120, '', '', null, null);
INSERT INTO ds_base_std_item (base_std_item_id, cn_name, cn_abbr, en_name, en_abbr, reference_base_std_id, reference_pub_cd_std_id, data_format, biz_def, "domain", data_len, ext_meta_module_json, switch_status_cd, edit_user_id, tenant_id, if_delete, creator, create_tm, modifier, modify_tm, ext_meta_module_def_id, std_num, unit, publish_status_cd, copy_base_std_id, alias, biz_subject_id, biz_rule, origin_according, decide_biz_sys_id, info_type_cd, data_scale, datatype_id, edit_status_cd, if_enable_null, biz_charge, tech_charge, mgmt_charge, if_continuous_domain, important_grade_cd, secu_grade_cd, ds_category_id, "describe", if_exist_domain, mgmt_auth, edit_auth) VALUES (249473918904064653, '是否在编', '是否在编', 'Whether or not to edit', '', -1, -1, '', '描述人员是否纳入国家正式编制。', '', 255, '{}', '0', -1, 1, '0', 1533642897907507201, '2024-06-27 18:01:04.000000', 1533642897907507201, '2024-06-27 18:01:04.000000', -1, 'CZBZ01020', '', '', -1, '', -1, '描述人员是否纳入国家正式编制。', '部标2.0', -1, '', -1, 10007, 'effect_complete', '', '{}', '{}', '{}', '', '', '', 772153576788201472, '', '', null, null);
INSERT INTO ds_base_std_item (base_std_item_id, cn_name, cn_abbr, en_name, en_abbr, reference_base_std_id, reference_pub_cd_std_id, data_format, biz_def, "domain", data_len, ext_meta_module_json, switch_status_cd, edit_user_id, tenant_id, if_delete, creator, create_tm, modifier, modify_tm, ext_meta_module_def_id, std_num, unit, publish_status_cd, copy_base_std_id, alias, biz_subject_id, biz_rule, origin_according, decide_biz_sys_id, info_type_cd, data_scale, datatype_id, edit_status_cd, if_enable_null, biz_charge, tech_charge, mgmt_charge, if_continuous_domain, important_grade_cd, secu_grade_cd, ds_category_id, "describe", if_exist_domain, mgmt_auth, edit_auth) VALUES (249473918908258958, '是否财政供养人员', '是否财政供养人员', 'Financial Support Staff', '', -1, -1, '', '描述人员是否纳入供养人员范围。', '', 256, '{}', '0', -1, 1, '0', 1533642897907507201, '2024-06-27 18:01:04.000000', 1533642897907507201, '2024-06-27 18:01:04.000000', -1, 'CZBZ01021', '', '', -1, '', -1, '描述人员是否纳入供养人员范围。', '部标2.0', -1, '', -1, 10007, 'effect_complete', '', '{}', '{}', '{}', '', '', '', 772153576788201472, '', '', null, null);
INSERT INTO ds_base_std_item (base_std_item_id, cn_name, cn_abbr, en_name, en_abbr, reference_base_std_id, reference_pub_cd_std_id, data_format, biz_def, "domain", data_len, ext_meta_module_json, switch_status_cd, edit_user_id, tenant_id, if_delete, creator, create_tm, modifier, modify_tm, ext_meta_module_def_id, std_num, unit, publish_status_cd, copy_base_std_id, alias, biz_subject_id, biz_rule, origin_according, decide_biz_sys_id, info_type_cd, data_scale, datatype_id, edit_status_cd, if_enable_null, biz_charge, tech_charge, mgmt_charge, if_continuous_domain, important_grade_cd, secu_grade_cd, ds_category_id, "describe", if_exist_domain, mgmt_auth, edit_auth) VALUES (249474958017714831, '学历', '学历', 'degree', '', -1, -1, '', '描述人员所取得的学历，如研究生教育、大学本科、专科教育等。', '', 255, '{}', '0', -1, 1, '0', 1533642897907507201, '2024-06-27 18:05:12.000000', 1533642897907507201, '2024-06-27 18:05:12.000000', -1, 'CZBZ01018', '', '', -1, '', -1, '描述人员所取得的学历，如研究生教育、大学本科、专科教育等。', '部标2.0', -1, '', -1, 10007, 'effect_complete', '', '{}', '{}', '{}', '', '', '', 772153623428861952, '', '', null, null);
INSERT INTO ds_base_std_item (base_std_item_id, cn_name, cn_abbr, en_name, en_abbr, reference_base_std_id, reference_pub_cd_std_id, data_format, biz_def, "domain", data_len, ext_meta_module_json, switch_status_cd, edit_user_id, tenant_id, if_delete, creator, create_tm, modifier, modify_tm, ext_meta_module_def_id, std_num, unit, publish_status_cd, copy_base_std_id, alias, biz_subject_id, biz_rule, origin_according, decide_biz_sys_id, info_type_cd, data_scale, datatype_id, edit_status_cd, if_enable_null, biz_charge, tech_charge, mgmt_charge, if_continuous_domain, important_grade_cd, secu_grade_cd, ds_category_id, "describe", if_exist_domain, mgmt_auth, edit_auth) VALUES (249474958017714832, '学校', '学校', 'school', '', -1, -1, '', '描述人员学历对应的学校名称。', '', 256, '{}', '0', -1, 1, '0', 1533642897907507201, '2024-06-27 18:05:12.000000', 1533642897907507201, '2024-06-27 18:05:12.000000', -1, 'CZBZ01019', '', '', -1, '', -1, '描述人员学历对应的学校名称。', '部标2.0', -1, '', -1, 10007, 'effect_complete', '', '{}', '{}', '{}', '', '', '', 772153623428861952, '', '', null, null);
INSERT INTO ds_base_std_item (base_std_item_id, cn_name, cn_abbr, en_name, en_abbr, reference_base_std_id, reference_pub_cd_std_id, data_format, biz_def, "domain", data_len, ext_meta_module_json, switch_status_cd, edit_user_id, tenant_id, if_delete, creator, create_tm, modifier, modify_tm, ext_meta_module_def_id, std_num, unit, publish_status_cd, copy_base_std_id, alias, biz_subject_id, biz_rule, origin_according, decide_biz_sys_id, info_type_cd, data_scale, datatype_id, edit_status_cd, if_enable_null, biz_charge, tech_charge, mgmt_charge, if_continuous_domain, important_grade_cd, secu_grade_cd, ds_category_id, "describe", if_exist_domain, mgmt_auth, edit_auth) VALUES (249477117895531153, '证件类型', '证件类型', 'certificate type', '', -1, -1, '', '描述人员某种证件上记载的证件号码，如身份证号，在某个种类下应该具备唯一性。', '', 255, '{}', '0', -1, 1, '0', 1533642897907507201, '2024-06-27 18:13:46.000000', 1533642897907507201, '2024-06-27 18:13:46.000000', -1, 'CZBZ01014', '', '', -1, '', -1, '描述人员某种证件上记载的证件号码，如身份证号，在某个种类下应该具备唯一性。', '部标2.0', -1, '', -1, 10007, 'effect_complete', '', '{}', '{}', '{}', '', '', '', 772153669918527488, '', '', null, null);
INSERT INTO ds_base_std_item (base_std_item_id, cn_name, cn_abbr, en_name, en_abbr, reference_base_std_id, reference_pub_cd_std_id, data_format, biz_def, "domain", data_len, ext_meta_module_json, switch_status_cd, edit_user_id, tenant_id, if_delete, creator, create_tm, modifier, modify_tm, ext_meta_module_def_id, std_num, unit, publish_status_cd, copy_base_std_id, alias, biz_subject_id, biz_rule, origin_according, decide_biz_sys_id, info_type_cd, data_scale, datatype_id, edit_status_cd, if_enable_null, biz_charge, tech_charge, mgmt_charge, if_continuous_domain, important_grade_cd, secu_grade_cd, ds_category_id, "describe", if_exist_domain, mgmt_auth, edit_auth) VALUES (249477117895531154, '证件号码', '证件号码', 'certificate number', '', -1, -1, '', '描述对私客户某种证件上记载的证件号码，如身份证号，在某个种类下应该具备唯一性。', '', 256, '{}', '0', -1, 1, '0', 1533642897907507201, '2024-06-27 18:13:46.000000', 1533642897907507201, '2024-06-27 18:13:46.000000', -1, 'CZBZ01015', '', '', -1, '', -1, '描述对私客户某种证件上记载的证件号码，如身份证号，在某个种类下应该具备唯一性。', '部标2.0', -1, '', -1, 10007, 'effect_complete', '', '{}', '{}', '{}', '', '', '', 772153669918527488, '', '', null, null);
INSERT INTO ds_base_std_item (base_std_item_id, cn_name, cn_abbr, en_name, en_abbr, reference_base_std_id, reference_pub_cd_std_id, data_format, biz_def, "domain", data_len, ext_meta_module_json, switch_status_cd, edit_user_id, tenant_id, if_delete, creator, create_tm, modifier, modify_tm, ext_meta_module_def_id, std_num, unit, publish_status_cd, copy_base_std_id, alias, biz_subject_id, biz_rule, origin_according, decide_biz_sys_id, info_type_cd, data_scale, datatype_id, edit_status_cd, if_enable_null, biz_charge, tech_charge, mgmt_charge, if_continuous_domain, important_grade_cd, secu_grade_cd, ds_category_id, "describe", if_exist_domain, mgmt_auth, edit_auth) VALUES (249478445715708563, '三保标识', '三保标识', 'Three-Warranty Logo', '', -1, -1, '', '指项目是否为三保项目。', '', 255, '{}', '0', -1, 1, '0', 1533642897907507201, '2024-06-27 18:19:03.000000', 1533642897907507201, '2024-06-27 18:19:03.000000', -1, 'CZBZ02005', '', '', -1, '', -1, '指项目是否为三保项目。', '业务规范', -1, '', -1, 10007, 'effect_complete', '', '{}', '{}', '{}', '', '', '', 772161968428683264, '', '', null, null);
INSERT INTO ds_base_std_item (base_std_item_id, cn_name, cn_abbr, en_name, en_abbr, reference_base_std_id, reference_pub_cd_std_id, data_format, biz_def, "domain", data_len, ext_meta_module_json, switch_status_cd, edit_user_id, tenant_id, if_delete, creator, create_tm, modifier, modify_tm, ext_meta_module_def_id, std_num, unit, publish_status_cd, copy_base_std_id, alias, biz_subject_id, biz_rule, origin_according, decide_biz_sys_id, info_type_cd, data_scale, datatype_id, edit_status_cd, if_enable_null, biz_charge, tech_charge, mgmt_charge, if_continuous_domain, important_grade_cd, secu_grade_cd, ds_category_id, "describe", if_exist_domain, mgmt_auth, edit_auth) VALUES (249478445719902868, '重点项目类型', '重点项目类型', 'Key Project Types', '', -1, -1, '', '指项目所属的重点项目类型。', '', 256, '{}', '0', -1, 1, '0', 1533642897907507201, '2024-06-27 18:19:03.000000', 1533642897907507201, '2024-06-27 18:19:03.000000', -1, 'CZBZ02006', '', '', -1, '', -1, '指项目所属的重点项目类型。', '业务规范', -1, '', -1, 10007, 'effect_complete', '', '{}', '{}', '{}', '', '', '', 772161968428683264, '', '', null, null);
INSERT INTO ds_base_std_item (base_std_item_id, cn_name, cn_abbr, en_name, en_abbr, reference_base_std_id, reference_pub_cd_std_id, data_format, biz_def, "domain", data_len, ext_meta_module_json, switch_status_cd, edit_user_id, tenant_id, if_delete, creator, create_tm, modifier, modify_tm, ext_meta_module_def_id, std_num, unit, publish_status_cd, copy_base_std_id, alias, biz_subject_id, biz_rule, origin_according, decide_biz_sys_id, info_type_cd, data_scale, datatype_id, edit_status_cd, if_enable_null, biz_charge, tech_charge, mgmt_charge, if_continuous_domain, important_grade_cd, secu_grade_cd, ds_category_id, "describe", if_exist_domain, mgmt_auth, edit_auth) VALUES (249478445719902869, '实事项目类型', '实事项目类型', 'Factual Project Types', '', -1, -1, '', '指项目所属的实事项目类型。', '', 255, '{}', '0', -1, 1, '0', 1533642897907507201, '2024-06-27 18:19:03.000000', 1533642897907507201, '2024-06-27 18:19:03.000000', -1, 'CZBZ02007', '', '', -1, '', -1, '指项目所属的实事项目类型。', '业务规范', -1, '', -1, 10007, 'effect_complete', '', '{}', '{}', '{}', '', '', '', 772161968428683264, '', '', null, null);
INSERT INTO ds_base_std_item (base_std_item_id, cn_name, cn_abbr, en_name, en_abbr, reference_base_std_id, reference_pub_cd_std_id, data_format, biz_def, "domain", data_len, ext_meta_module_json, switch_status_cd, edit_user_id, tenant_id, if_delete, creator, create_tm, modifier, modify_tm, ext_meta_module_def_id, std_num, unit, publish_status_cd, copy_base_std_id, alias, biz_subject_id, biz_rule, origin_according, decide_biz_sys_id, info_type_cd, data_scale, datatype_id, edit_status_cd, if_enable_null, biz_charge, tech_charge, mgmt_charge, if_continuous_domain, important_grade_cd, secu_grade_cd, ds_category_id, "describe", if_exist_domain, mgmt_auth, edit_auth) VALUES (249479129299180182, '采购品目', '采购品目', 'Purchasing Products', '', -1, -1, '', '指根据《政府采购品目分类目录》确定的采购项目中的采购品目。', '', 255, '{}', '0', -1, 1, '0', 1533642897907507201, '2024-06-27 18:21:46.000000', 1533642897907507201, '2024-06-27 18:21:46.000000', -1, 'CZBZ02010', '', '', -1, '', -1, '指根据《政府采购品目分类目录》确定的采购项目中的采购品目。', '部标2.0', -1, '', -1, 10007, 'effect_complete', '', '{}', '{}', '{}', '', '', '', 772162784308891648, '', '', null, null);
INSERT INTO ds_base_std_item (base_std_item_id, cn_name, cn_abbr, en_name, en_abbr, reference_base_std_id, reference_pub_cd_std_id, data_format, biz_def, "domain", data_len, ext_meta_module_json, switch_status_cd, edit_user_id, tenant_id, if_delete, creator, create_tm, modifier, modify_tm, ext_meta_module_def_id, std_num, unit, publish_status_cd, copy_base_std_id, alias, biz_subject_id, biz_rule, origin_according, decide_biz_sys_id, info_type_cd, data_scale, datatype_id, edit_status_cd, if_enable_null, biz_charge, tech_charge, mgmt_charge, if_continuous_domain, important_grade_cd, secu_grade_cd, ds_category_id, "describe", if_exist_domain, mgmt_auth, edit_auth) VALUES (249479129303374487, '采购方式', '采购方式', 'procurement method', '', -1, -1, '', '指采购项目的采购方式，如公开招标、竞争性磋商等。', '', 256, '{}', '0', -1, 1, '0', 1533642897907507201, '2024-06-27 18:21:46.000000', 1533642897907507201, '2024-06-27 18:21:46.000000', -1, 'CZBZ02011', '', '', -1, '', -1, '指采购项目的采购方式，如公开招标、竞争性磋商等。', '部标2.0', -1, '', -1, 10007, 'effect_complete', '', '{}', '{}', '{}', '', '', '', 772162784308891648, '', '', null, null);
INSERT INTO ds_base_std_item (base_std_item_id, cn_name, cn_abbr, en_name, en_abbr, reference_base_std_id, reference_pub_cd_std_id, data_format, biz_def, "domain", data_len, ext_meta_module_json, switch_status_cd, edit_user_id, tenant_id, if_delete, creator, create_tm, modifier, modify_tm, ext_meta_module_def_id, std_num, unit, publish_status_cd, copy_base_std_id, alias, biz_subject_id, biz_rule, origin_according, decide_biz_sys_id, info_type_cd, data_scale, datatype_id, edit_status_cd, if_enable_null, biz_charge, tech_charge, mgmt_charge, if_continuous_domain, important_grade_cd, secu_grade_cd, ds_category_id, "describe", if_exist_domain, mgmt_auth, edit_auth) VALUES (249479129303374488, '采购数量', '采购数量', 'purchase quantity', '', -1, -1, '', '指采购项目具体采购品目对应的数量。', '', 255, '{}', '0', -1, 1, '0', 1533642897907507201, '2024-06-27 18:21:46.000000', 1533642897907507201, '2024-06-27 18:21:46.000000', -1, 'CZBZ02012', '', '', -1, '', -1, '指采购项目具体采购品目对应的数量。', '部标2.0', -1, '', -1, 10007, 'effect_complete', '', '{}', '{}', '{}', '', '', '', 772162784308891648, '', '', null, null);
INSERT INTO ds_base_std_item (base_std_item_id, cn_name, cn_abbr, en_name, en_abbr, reference_base_std_id, reference_pub_cd_std_id, data_format, biz_def, "domain", data_len, ext_meta_module_json, switch_status_cd, edit_user_id, tenant_id, if_delete, creator, create_tm, modifier, modify_tm, ext_meta_module_def_id, std_num, unit, publish_status_cd, copy_base_std_id, alias, biz_subject_id, biz_rule, origin_according, decide_biz_sys_id, info_type_cd, data_scale, datatype_id, edit_status_cd, if_enable_null, biz_charge, tech_charge, mgmt_charge, if_continuous_domain, important_grade_cd, secu_grade_cd, ds_category_id, "describe", if_exist_domain, mgmt_auth, edit_auth) VALUES (247313392107279593, '变更状态', '变更状态', 'State', 'State', -1, -1, '', '新增、既往、删除，来源财政供养人员系统，“状态”是指单位当年新增、既往、删除人员', '', 255, '{}', '0', -1, 1, '0', 1533642897907507201, '2024-06-21 18:55:13.000000', 1533642897907507201, '2024-06-27 18:27:07.000000', -1, 'BE02051', '', '', -1, '', -1, '', '《地方财政分析评价系统整合方案》', -1, '', -1, 10007, 'effect_complete', '', '{"roles": [], "users": [], "groups": [], "organizations": []}', '{"roles": [], "users": [], "groups": [], "organizations": []}', '{"roles": [], "users": [], "groups": [], "organizations": []}', '', '', '', 769938008626565120, '', '', null, null);
INSERT INTO ds_base_std_item (base_std_item_id, cn_name, cn_abbr, en_name, en_abbr, reference_base_std_id, reference_pub_cd_std_id, data_format, biz_def, "domain", data_len, ext_meta_module_json, switch_status_cd, edit_user_id, tenant_id, if_delete, creator, create_tm, modifier, modify_tm, ext_meta_module_def_id, std_num, unit, publish_status_cd, copy_base_std_id, alias, biz_subject_id, biz_rule, origin_according, decide_biz_sys_id, info_type_cd, data_scale, datatype_id, edit_status_cd, if_enable_null, biz_charge, tech_charge, mgmt_charge, if_continuous_domain, important_grade_cd, secu_grade_cd, ds_category_id, "describe", if_exist_domain, mgmt_auth, edit_auth) VALUES (247313392111473911, '退休金发放方式', '退休金发放方式', 'PensionPayMode', 'PensionPayMode', -1, -1, '', '退休金发放方式', '', 50, '{}', '0', -1, 1, '0', 1533642897907507201, '2024-06-21 18:55:13.000000', 1533642897907507201, '2024-06-27 18:27:07.000000', -1, 'BE02065', '', '', -1, '', -1, '', '《地方财政分析评价系统整合方案》', -1, '', -1, 10007, 'effect_complete', '', '{"roles": [], "users": [], "groups": [], "organizations": []}', '{"roles": [], "users": [], "groups": [], "organizations": []}', '{"roles": [], "users": [], "groups": [], "organizations": []}', '', '', '', 769938008626565120, '', '', null, null);
INSERT INTO ds_base_std_item (base_std_item_id, cn_name, cn_abbr, en_name, en_abbr, reference_base_std_id, reference_pub_cd_std_id, data_format, biz_def, "domain", data_len, ext_meta_module_json, switch_status_cd, edit_user_id, tenant_id, if_delete, creator, create_tm, modifier, modify_tm, ext_meta_module_def_id, std_num, unit, publish_status_cd, copy_base_std_id, alias, biz_subject_id, biz_rule, origin_according, decide_biz_sys_id, info_type_cd, data_scale, datatype_id, edit_status_cd, if_enable_null, biz_charge, tech_charge, mgmt_charge, if_continuous_domain, important_grade_cd, secu_grade_cd, ds_category_id, "describe", if_exist_domain, mgmt_auth, edit_auth) VALUES (247313392107279579, '立功受奖一次性奖金', '立功受奖一次性奖金', 'OneMeritSerBon', 'OneMeritSerBon', -1, -1, '', '立功受奖一次性奖金', '', 255, '{}', '0', -1, 1, '0', 1533642897907507201, '2024-06-21 18:55:13.000000', 1533642897907507201, '2024-06-27 18:27:07.000000', -1, 'BE02036', '', '', -1, '', -1, '', '《规范》要素目录', -1, '', -1, 10007, 'effect_complete', '', '{"roles": [], "users": [], "groups": [], "organizations": []}', '{"roles": [], "users": [], "groups": [], "organizations": []}', '{"roles": [], "users": [], "groups": [], "organizations": []}', '', '', '', 769938008626565120, '', '', null, null);
INSERT INTO ds_base_std_item (base_std_item_id, cn_name, cn_abbr, en_name, en_abbr, reference_base_std_id, reference_pub_cd_std_id, data_format, biz_def, "domain", data_len, ext_meta_module_json, switch_status_cd, edit_user_id, tenant_id, if_delete, creator, create_tm, modifier, modify_tm, ext_meta_module_def_id, std_num, unit, publish_status_cd, copy_base_std_id, alias, biz_subject_id, biz_rule, origin_according, decide_biz_sys_id, info_type_cd, data_scale, datatype_id, edit_status_cd, if_enable_null, biz_charge, tech_charge, mgmt_charge, if_continuous_domain, important_grade_cd, secu_grade_cd, ds_category_id, "describe", if_exist_domain, mgmt_auth, edit_auth) VALUES (247313392107279589, '出生日期', '出生日期', 'BirthMd', 'BirthMd', -1, -1, '', '出生日期', '', 255, '{}', '0', -1, 1, '0', 1533642897907507201, '2024-06-21 18:55:13.000000', 1533642897907507201, '2024-06-27 18:27:07.000000', -1, 'BE02046', '', '', -1, '', -1, '', '《规范》要素目录', -1, '', -1, 10007, 'effect_complete', '', '{"roles": [], "users": [], "groups": [], "organizations": []}', '{"roles": [], "users": [], "groups": [], "organizations": []}', '{"roles": [], "users": [], "groups": [], "organizations": []}', '', '', '', 769938008626565120, '', '', null, null);
INSERT INTO ds_base_std_item (base_std_item_id, cn_name, cn_abbr, en_name, en_abbr, reference_base_std_id, reference_pub_cd_std_id, data_format, biz_def, "domain", data_len, ext_meta_module_json, switch_status_cd, edit_user_id, tenant_id, if_delete, creator, create_tm, modifier, modify_tm, ext_meta_module_def_id, std_num, unit, publish_status_cd, copy_base_std_id, alias, biz_subject_id, biz_rule, origin_according, decide_biz_sys_id, info_type_cd, data_scale, datatype_id, edit_status_cd, if_enable_null, biz_charge, tech_charge, mgmt_charge, if_continuous_domain, important_grade_cd, secu_grade_cd, ds_category_id, "describe", if_exist_domain, mgmt_auth, edit_auth) VALUES (247313392111473914, '发放周期名称', '发放周期名称', 'ReleaseDateName', 'ReleaseDateName', -1, -1, '', '发放周期名称', '', 255, '{}', '0', -1, 1, '0', 1533642897907507201, '2024-06-21 18:55:13.000000', 1533642897907507201, '2024-06-27 18:27:06.000000', -1, 'BE02068', '', '', -1, '', -1, '', '《规范》要素目录', -1, '', -1, 10007, 'effect_complete', '', '{"roles": [], "users": [], "groups": [], "organizations": []}', '{"roles": [], "users": [], "groups": [], "organizations": []}', '{"roles": [], "users": [], "groups": [], "organizations": []}', '', '', '', 769938008626565120, '', '', null, null);
INSERT INTO ds_base_std_item (base_std_item_id, cn_name, cn_abbr, en_name, en_abbr, reference_base_std_id, reference_pub_cd_std_id, data_format, biz_def, "domain", data_len, ext_meta_module_json, switch_status_cd, edit_user_id, tenant_id, if_delete, creator, create_tm, modifier, modify_tm, ext_meta_module_def_id, std_num, unit, publish_status_cd, copy_base_std_id, alias, biz_subject_id, biz_rule, origin_according, decide_biz_sys_id, info_type_cd, data_scale, datatype_id, edit_status_cd, if_enable_null, biz_charge, tech_charge, mgmt_charge, if_continuous_domain, important_grade_cd, secu_grade_cd, ds_category_id, "describe", if_exist_domain, mgmt_auth, edit_auth) VALUES (249480306095053468, '资金主管处室', '资金主管处室', 'the Treasury Office', '', -1, -1, '', '资金主管处室', '', 255, '{}', '0', -1, 1, '1', 1533642897907507201, '2024-06-27 18:26:27.000000', 1533642897907507201, '2024-06-27 18:27:06.000000', -1, 'CZBZ02019', '', '', -1, '', -1, '', '信息系统建设需求', -1, '', -1, 10007, 'effect_is_del', '', '{}', '{}', '{}', '', '', '', 772162784308891648, '', '', null, null);
INSERT INTO ds_base_std_item (base_std_item_id, cn_name, cn_abbr, en_name, en_abbr, reference_base_std_id, reference_pub_cd_std_id, data_format, biz_def, "domain", data_len, ext_meta_module_json, switch_status_cd, edit_user_id, tenant_id, if_delete, creator, create_tm, modifier, modify_tm, ext_meta_module_def_id, std_num, unit, publish_status_cd, copy_base_std_id, alias, biz_subject_id, biz_rule, origin_according, decide_biz_sys_id, info_type_cd, data_scale, datatype_id, edit_status_cd, if_enable_null, biz_charge, tech_charge, mgmt_charge, if_continuous_domain, important_grade_cd, secu_grade_cd, ds_category_id, "describe", if_exist_domain, mgmt_auth, edit_auth) VALUES (249470706599877260, '', '', '', '', -1, -1, '', '', '', 255, '{}', '0', -1, 1, '1', 1533642897907507201, '2024-06-27 17:48:18.000000', 1533642897907507201, '2024-06-27 18:27:06.000000', -1, '', '', '', -1, '', -1, '', '', -1, '', -1, 10007, 'effect_is_del', '', '{}', '{}', '{}', '', '', '', 772153511092817920, '', '', null, null);
INSERT INTO ds_base_std_item (base_std_item_id, cn_name, cn_abbr, en_name, en_abbr, reference_base_std_id, reference_pub_cd_std_id, data_format, biz_def, "domain", data_len, ext_meta_module_json, switch_status_cd, edit_user_id, tenant_id, if_delete, creator, create_tm, modifier, modify_tm, ext_meta_module_def_id, std_num, unit, publish_status_cd, copy_base_std_id, alias, biz_subject_id, biz_rule, origin_according, decide_biz_sys_id, info_type_cd, data_scale, datatype_id, edit_status_cd, if_enable_null, biz_charge, tech_charge, mgmt_charge, if_continuous_domain, important_grade_cd, secu_grade_cd, ds_category_id, "describe", if_exist_domain, mgmt_auth, edit_auth) VALUES (249480306095053466, '主管部门', '主管部门', 'authorities', '', -1, -1, '', '主管部门', '', 256, '{}', '0', -1, 1, '1', 1533642897907507201, '2024-06-27 18:26:27.000000', 1533642897907507201, '2024-06-27 18:27:06.000000', -1, 'CZBZ02017', '', '', -1, '', -1, '', '信息系统建设需求', -1, '', -1, 10007, 'effect_is_del', '', '{}', '{}', '{}', '', '', '', 772162784308891648, '', '', null, null);
INSERT INTO ds_base_std_item (base_std_item_id, cn_name, cn_abbr, en_name, en_abbr, reference_base_std_id, reference_pub_cd_std_id, data_format, biz_def, "domain", data_len, ext_meta_module_json, switch_status_cd, edit_user_id, tenant_id, if_delete, creator, create_tm, modifier, modify_tm, ext_meta_module_def_id, std_num, unit, publish_status_cd, copy_base_std_id, alias, biz_subject_id, biz_rule, origin_according, decide_biz_sys_id, info_type_cd, data_scale, datatype_id, edit_status_cd, if_enable_null, biz_charge, tech_charge, mgmt_charge, if_continuous_domain, important_grade_cd, secu_grade_cd, ds_category_id, "describe", if_exist_domain, mgmt_auth, edit_auth) VALUES (249480306095053467, '业务主管处室', '业务主管处室', 'Office of Operations Supervisor', '', -1, -1, '', '业务主管处室', '', 255, '{}', '0', -1, 1, '1', 1533642897907507201, '2024-06-27 18:26:27.000000', 1533642897907507201, '2024-06-27 18:27:06.000000', -1, 'CZBZ02018', '', '', -1, '', -1, '', '信息系统建设需求', -1, '', -1, 10007, 'effect_is_del', '', '{}', '{}', '{}', '', '', '', 772162784308891648, '', '', null, null);
INSERT INTO ds_base_std_item (base_std_item_id, cn_name, cn_abbr, en_name, en_abbr, reference_base_std_id, reference_pub_cd_std_id, data_format, biz_def, "domain", data_len, ext_meta_module_json, switch_status_cd, edit_user_id, tenant_id, if_delete, creator, create_tm, modifier, modify_tm, ext_meta_module_def_id, std_num, unit, publish_status_cd, copy_base_std_id, alias, biz_subject_id, biz_rule, origin_according, decide_biz_sys_id, info_type_cd, data_scale, datatype_id, edit_status_cd, if_enable_null, biz_charge, tech_charge, mgmt_charge, if_continuous_domain, important_grade_cd, secu_grade_cd, ds_category_id, "describe", if_exist_domain, mgmt_auth, edit_auth) VALUES (249480306095053465, '预算单位', '预算单位', 'budget unit', '', -1, -1, '', '预算单位', '', 255, '{}', '0', -1, 1, '1', 1533642897907507201, '2024-06-27 18:26:27.000000', 1533642897907507201, '2024-06-27 18:27:06.000000', -1, 'CZBZ02016', '', '', -1, '', -1, '', '信息系统建设需求', -1, '', -1, 10007, 'effect_is_del', '', '{}', '{}', '{}', '', '', '', 772162784308891648, '', '', null, null);
INSERT INTO ds_base_std_item (base_std_item_id, cn_name, cn_abbr, en_name, en_abbr, reference_base_std_id, reference_pub_cd_std_id, data_format, biz_def, "domain", data_len, ext_meta_module_json, switch_status_cd, edit_user_id, tenant_id, if_delete, creator, create_tm, modifier, modify_tm, ext_meta_module_def_id, std_num, unit, publish_status_cd, copy_base_std_id, alias, biz_subject_id, biz_rule, origin_according, decide_biz_sys_id, info_type_cd, data_scale, datatype_id, edit_status_cd, if_enable_null, biz_charge, tech_charge, mgmt_charge, if_continuous_domain, important_grade_cd, secu_grade_cd, ds_category_id, "describe", if_exist_domain, mgmt_auth, edit_auth) VALUES (247313392111473921, '基础绩效奖', '基础绩效奖', 'BasicPerAward', 'BasicPerAward', -1, -1, '', '基础绩效奖', '', 255, '{}', '0', -1, 1, '0', 1533642897907507201, '2024-06-21 18:55:13.000000', 1533642897907507201, '2024-06-27 18:27:07.000000', -1, 'BE02075', '', '', -1, '', -1, '', '《规范》要素目录', -1, '', -1, 10007, 'effect_complete', '', '{"roles": [], "users": [], "groups": [], "organizations": []}', '{"roles": [], "users": [], "groups": [], "organizations": []}', '{"roles": [], "users": [], "groups": [], "organizations": []}', '', '', '', 769938008626565120, '', '', null, null);
INSERT INTO ds_base_std_item (base_std_item_id, cn_name, cn_abbr, en_name, en_abbr, reference_base_std_id, reference_pub_cd_std_id, data_format, biz_def, "domain", data_len, ext_meta_module_json, switch_status_cd, edit_user_id, tenant_id, if_delete, creator, create_tm, modifier, modify_tm, ext_meta_module_def_id, std_num, unit, publish_status_cd, copy_base_std_id, alias, biz_subject_id, biz_rule, origin_according, decide_biz_sys_id, info_type_cd, data_scale, datatype_id, edit_status_cd, if_enable_null, biz_charge, tech_charge, mgmt_charge, if_continuous_domain, important_grade_cd, secu_grade_cd, ds_category_id, "describe", if_exist_domain, mgmt_auth, edit_auth) VALUES (247313392103085261, '职务代码', '职务代码', 'PosCode', 'PosCode', -1, -1, '', '组织、人社等部门批准的公务员职务代码', '', 255, '{}', '0', -1, 1, '0', 1533642897907507201, '2024-06-21 18:55:13.000000', 1533642897907507201, '2024-06-27 18:27:07.000000', -1, 'BE02022', '', '', -1, '', -1, '', '《规范》要素目录', -1, '', -1, 10007, 'effect_complete', '', '{"roles": [], "users": [], "groups": [], "organizations": []}', '{"roles": [], "users": [], "groups": [], "organizations": []}', '{"roles": [], "users": [], "groups": [], "organizations": []}', '', '', '', 769938008626565120, '', '', null, null);
INSERT INTO ds_base_std_item (base_std_item_id, cn_name, cn_abbr, en_name, en_abbr, reference_base_std_id, reference_pub_cd_std_id, data_format, biz_def, "domain", data_len, ext_meta_module_json, switch_status_cd, edit_user_id, tenant_id, if_delete, creator, create_tm, modifier, modify_tm, ext_meta_module_def_id, std_num, unit, publish_status_cd, copy_base_std_id, alias, biz_subject_id, biz_rule, origin_according, decide_biz_sys_id, info_type_cd, data_scale, datatype_id, edit_status_cd, if_enable_null, biz_charge, tech_charge, mgmt_charge, if_continuous_domain, important_grade_cd, secu_grade_cd, ds_category_id, "describe", if_exist_domain, mgmt_auth, edit_auth) VALUES (247313392111473902, '退休费', '退休费', 'RetirementFee', 'RetirementFee', -1, -1, '', '机关事业单位和军队移交政府安置的退休人员的退休费以及提租补贴、购房补贴、采暖补贴、物业服务补贴等补贴', '', 255, '{}', '0', -1, 1, '0', 1533642897907507201, '2024-06-21 18:55:13.000000', 1533642897907507201, '2024-06-27 18:27:07.000000', -1, 'BE02056', '', '', -1, '', -1, '', '《规范》要素目录', -1, '', -1, 10007, 'effect_complete', '', '{"roles": [], "users": [], "groups": [], "organizations": []}', '{"roles": [], "users": [], "groups": [], "organizations": []}', '{"roles": [], "users": [], "groups": [], "organizations": []}', '', '', '', 769938008626565120, '', '', null, null);
INSERT INTO ds_base_std_item (base_std_item_id, cn_name, cn_abbr, en_name, en_abbr, reference_base_std_id, reference_pub_cd_std_id, data_format, biz_def, "domain", data_len, ext_meta_module_json, switch_status_cd, edit_user_id, tenant_id, if_delete, creator, create_tm, modifier, modify_tm, ext_meta_module_def_id, std_num, unit, publish_status_cd, copy_base_std_id, alias, biz_subject_id, biz_rule, origin_according, decide_biz_sys_id, info_type_cd, data_scale, datatype_id, edit_status_cd, if_enable_null, biz_charge, tech_charge, mgmt_charge, if_continuous_domain, important_grade_cd, secu_grade_cd, ds_category_id, "describe", if_exist_domain, mgmt_auth, edit_auth) VALUES (247313392107279572, '岗位工资级别名称', '岗位工资级别名称', 'PosSalaGrName', 'PosSalaGrName', -1, -1, '', '组织、人社等部门批准的事业单位专业人员、管理人员和工人的岗位工资级别名称', '', 255, '{}', '0', -1, 1, '0', 1533642897907507201, '2024-06-21 18:55:13.000000', 1533642897907507201, '2024-06-27 18:27:07.000000', -1, 'BE02029', '', '', -1, '', -1, '', '《规范》要素目录', -1, '', -1, 10007, 'effect_complete', '', '{"roles": [], "users": [], "groups": [], "organizations": []}', '{"roles": [], "users": [], "groups": [], "organizations": []}', '{"roles": [], "users": [], "groups": [], "organizations": []}', '', '', '', 769938008626565120, '', '', null, null);
INSERT INTO ds_base_std_item (base_std_item_id, cn_name, cn_abbr, en_name, en_abbr, reference_base_std_id, reference_pub_cd_std_id, data_format, biz_def, "domain", data_len, ext_meta_module_json, switch_status_cd, edit_user_id, tenant_id, if_delete, creator, create_tm, modifier, modify_tm, ext_meta_module_def_id, std_num, unit, publish_status_cd, copy_base_std_id, alias, biz_subject_id, biz_rule, origin_according, decide_biz_sys_id, info_type_cd, data_scale, datatype_id, edit_status_cd, if_enable_null, biz_charge, tech_charge, mgmt_charge, if_continuous_domain, important_grade_cd, secu_grade_cd, ds_category_id, "describe", if_exist_domain, mgmt_auth, edit_auth) VALUES (247313392107279587, '公务卡开户银行名称', '公务卡开户银行名称', 'GovCredCardBankName', 'GovCredCardBankName', -1, -1, '', '单位工作人员公务卡的发卡银行的名称', '', 255, '{}', '0', -1, 1, '0', 1533642897907507201, '2024-06-21 18:55:13.000000', 1533642897907507201, '2024-06-27 18:27:07.000000', -1, 'BE02044', '', '', -1, '', -1, '', '《规范》要素目录', -1, '', -1, 10007, 'effect_complete', '', '{"roles": [], "users": [], "groups": [], "organizations": []}', '{"roles": [], "users": [], "groups": [], "organizations": []}', '{"roles": [], "users": [], "groups": [], "organizations": []}', '', '', '', 769938008626565120, '', '', null, null);
INSERT INTO ds_base_std_item (base_std_item_id, cn_name, cn_abbr, en_name, en_abbr, reference_base_std_id, reference_pub_cd_std_id, data_format, biz_def, "domain", data_len, ext_meta_module_json, switch_status_cd, edit_user_id, tenant_id, if_delete, creator, create_tm, modifier, modify_tm, ext_meta_module_def_id, std_num, unit, publish_status_cd, copy_base_std_id, alias, biz_subject_id, biz_rule, origin_according, decide_biz_sys_id, info_type_cd, data_scale, datatype_id, edit_status_cd, if_enable_null, biz_charge, tech_charge, mgmt_charge, if_continuous_domain, important_grade_cd, secu_grade_cd, ds_category_id, "describe", if_exist_domain, mgmt_auth, edit_auth) VALUES (247313392107279581, '是否工资统发', '是否工资统发', 'IsUniSalaName', 'IsUniSalaName', -1, -1, '', '是否纳入财政部门统一发放工资的范围名称', '', 255, '{}', '0', -1, 1, '0', 1533642897907507201, '2024-06-21 18:55:13.000000', 1533642897907507201, '2024-06-27 18:27:07.000000', -1, 'BE02038', '', '', -1, '', -1, '', '《规范》要素目录', -1, '', -1, 10007, 'effect_complete', '', '{"roles": [], "users": [], "groups": [], "organizations": []}', '{"roles": [], "users": [], "groups": [], "organizations": []}', '{"roles": [], "users": [], "groups": [], "organizations": []}', '', '', '', 769938008626565120, '', '', null, null);
INSERT INTO ds_base_std_item (base_std_item_id, cn_name, cn_abbr, en_name, en_abbr, reference_base_std_id, reference_pub_cd_std_id, data_format, biz_def, "domain", data_len, ext_meta_module_json, switch_status_cd, edit_user_id, tenant_id, if_delete, creator, create_tm, modifier, modify_tm, ext_meta_module_def_id, std_num, unit, publish_status_cd, copy_base_std_id, alias, biz_subject_id, biz_rule, origin_according, decide_biz_sys_id, info_type_cd, data_scale, datatype_id, edit_status_cd, if_enable_null, biz_charge, tech_charge, mgmt_charge, if_continuous_domain, important_grade_cd, secu_grade_cd, ds_category_id, "describe", if_exist_domain, mgmt_auth, edit_auth) VALUES (249480728302082721, '预算单位', '预算单位', 'budget unit', '', -1, -1, '', '预算单位', '', 255, '{}', '0', -1, 1, '0', 1533642897907507201, '2024-06-27 18:28:07.000000', 1533642897907507201, '2024-06-27 18:28:07.000000', -1, 'CZBZ02016', '', '', -1, '', -1, '', '信息系统建设需求', -1, '', -1, 10007, 'effect_complete', '', '{}', '{}', '{}', '', '', '', 772164677852598272, '', '', null, null);
INSERT INTO ds_base_std_item (base_std_item_id, cn_name, cn_abbr, en_name, en_abbr, reference_base_std_id, reference_pub_cd_std_id, data_format, biz_def, "domain", data_len, ext_meta_module_json, switch_status_cd, edit_user_id, tenant_id, if_delete, creator, create_tm, modifier, modify_tm, ext_meta_module_def_id, std_num, unit, publish_status_cd, copy_base_std_id, alias, biz_subject_id, biz_rule, origin_according, decide_biz_sys_id, info_type_cd, data_scale, datatype_id, edit_status_cd, if_enable_null, biz_charge, tech_charge, mgmt_charge, if_continuous_domain, important_grade_cd, secu_grade_cd, ds_category_id, "describe", if_exist_domain, mgmt_auth, edit_auth) VALUES (249480728302082722, '主管部门', '主管部门', 'authorities', '', -1, -1, '', '主管部门', '', 256, '{}', '0', -1, 1, '0', 1533642897907507201, '2024-06-27 18:28:07.000000', 1533642897907507201, '2024-06-27 18:28:07.000000', -1, 'CZBZ02017', '', '', -1, '', -1, '', '信息系统建设需求', -1, '', -1, 10007, 'effect_complete', '', '{}', '{}', '{}', '', '', '', 772164677852598272, '', '', null, null);
INSERT INTO ds_base_std_item (base_std_item_id, cn_name, cn_abbr, en_name, en_abbr, reference_base_std_id, reference_pub_cd_std_id, data_format, biz_def, "domain", data_len, ext_meta_module_json, switch_status_cd, edit_user_id, tenant_id, if_delete, creator, create_tm, modifier, modify_tm, ext_meta_module_def_id, std_num, unit, publish_status_cd, copy_base_std_id, alias, biz_subject_id, biz_rule, origin_according, decide_biz_sys_id, info_type_cd, data_scale, datatype_id, edit_status_cd, if_enable_null, biz_charge, tech_charge, mgmt_charge, if_continuous_domain, important_grade_cd, secu_grade_cd, ds_category_id, "describe", if_exist_domain, mgmt_auth, edit_auth) VALUES (249480728302082723, '业务主管处室', '业务主管处室', 'Office of Operations Supervisor', '', -1, -1, '', '业务主管处室', '', 255, '{}', '0', -1, 1, '0', 1533642897907507201, '2024-06-27 18:28:07.000000', 1533642897907507201, '2024-06-27 18:28:07.000000', -1, 'CZBZ02018', '', '', -1, '', -1, '', '信息系统建设需求', -1, '', -1, 10007, 'effect_complete', '', '{}', '{}', '{}', '', '', '', 772164677852598272, '', '', null, null);
INSERT INTO ds_base_std_item (base_std_item_id, cn_name, cn_abbr, en_name, en_abbr, reference_base_std_id, reference_pub_cd_std_id, data_format, biz_def, "domain", data_len, ext_meta_module_json, switch_status_cd, edit_user_id, tenant_id, if_delete, creator, create_tm, modifier, modify_tm, ext_meta_module_def_id, std_num, unit, publish_status_cd, copy_base_std_id, alias, biz_subject_id, biz_rule, origin_according, decide_biz_sys_id, info_type_cd, data_scale, datatype_id, edit_status_cd, if_enable_null, biz_charge, tech_charge, mgmt_charge, if_continuous_domain, important_grade_cd, secu_grade_cd, ds_category_id, "describe", if_exist_domain, mgmt_auth, edit_auth) VALUES (249480728302082724, '资金主管处室', '资金主管处室', 'the Treasury Office', '', -1, -1, '', '资金主管处室', '', 255, '{}', '0', -1, 1, '0', 1533642897907507201, '2024-06-27 18:28:07.000000', 1533642897907507201, '2024-06-27 18:28:07.000000', -1, 'CZBZ02019', '', '', -1, '', -1, '', '信息系统建设需求', -1, '', -1, 10007, 'effect_complete', '', '{}', '{}', '{}', '', '', '', 772164677852598272, '', '', null, null);
INSERT INTO ds_base_std_item (base_std_item_id, cn_name, cn_abbr, en_name, en_abbr, reference_base_std_id, reference_pub_cd_std_id, data_format, biz_def, "domain", data_len, ext_meta_module_json, switch_status_cd, edit_user_id, tenant_id, if_delete, creator, create_tm, modifier, modify_tm, ext_meta_module_def_id, std_num, unit, publish_status_cd, copy_base_std_id, alias, biz_subject_id, biz_rule, origin_according, decide_biz_sys_id, info_type_cd, data_scale, datatype_id, edit_status_cd, if_enable_null, biz_charge, tech_charge, mgmt_charge, if_continuous_domain, important_grade_cd, secu_grade_cd, ds_category_id, "describe", if_exist_domain, mgmt_auth, edit_auth) VALUES (249482349606099623, '项目类别', '项目类别', 'project categories', '', -1, -1, '', '项目类别', '', 255, '{}', '0', -1, 1, '0', 1533642897907507201, '2024-06-27 18:34:34.000000', 1533642897907507201, '2024-06-27 18:34:34.000000', -1, 'CZBZ02001', '', '', -1, '', -1, '', '信息系统建设需求', -1, '', -1, 10007, 'effect_complete', '', '{}', '{}', '{}', '', '', '', 772166422389460992, '', '', null, null);
INSERT INTO ds_base_std_item (base_std_item_id, cn_name, cn_abbr, en_name, en_abbr, reference_base_std_id, reference_pub_cd_std_id, data_format, biz_def, "domain", data_len, ext_meta_module_json, switch_status_cd, edit_user_id, tenant_id, if_delete, creator, create_tm, modifier, modify_tm, ext_meta_module_def_id, std_num, unit, publish_status_cd, copy_base_std_id, alias, biz_subject_id, biz_rule, origin_according, decide_biz_sys_id, info_type_cd, data_scale, datatype_id, edit_status_cd, if_enable_null, biz_charge, tech_charge, mgmt_charge, if_continuous_domain, important_grade_cd, secu_grade_cd, ds_category_id, "describe", if_exist_domain, mgmt_auth, edit_auth) VALUES (249482349610293928, '项目代码', '项目代码', 'project code', '', -1, -1, '', '指项目的唯一识别代码。', '', 256, '{}', '0', -1, 1, '0', 1533642897907507201, '2024-06-27 18:34:34.000000', 1533642897907507201, '2024-06-27 18:34:34.000000', -1, 'CZBZ02002', '', '', -1, '', -1, '指项目的唯一识别代码。', '业务规范', -1, '', -1, 10007, 'effect_complete', '', '{}', '{}', '{}', '', '', '', 772166422389460992, '', '', null, null);
INSERT INTO ds_base_std_item (base_std_item_id, cn_name, cn_abbr, en_name, en_abbr, reference_base_std_id, reference_pub_cd_std_id, data_format, biz_def, "domain", data_len, ext_meta_module_json, switch_status_cd, edit_user_id, tenant_id, if_delete, creator, create_tm, modifier, modify_tm, ext_meta_module_def_id, std_num, unit, publish_status_cd, copy_base_std_id, alias, biz_subject_id, biz_rule, origin_according, decide_biz_sys_id, info_type_cd, data_scale, datatype_id, edit_status_cd, if_enable_null, biz_charge, tech_charge, mgmt_charge, if_continuous_domain, important_grade_cd, secu_grade_cd, ds_category_id, "describe", if_exist_domain, mgmt_auth, edit_auth) VALUES (249482349610293929, '项目名称', '项目名称', 'project name', '', -1, -1, '', '指项目的立项批复名称。', '', 255, '{}', '0', -1, 1, '0', 1533642897907507201, '2024-06-27 18:34:34.000000', 1533642897907507201, '2024-06-27 18:34:34.000000', -1, 'CZBZ02003', '', '', -1, '', -1, '指项目的立项批复名称。', '业务规范', -1, '', -1, 10007, 'effect_complete', '', '{}', '{}', '{}', '', '', '', 772166422389460992, '', '', null, null);
INSERT INTO ds_base_std_item (base_std_item_id, cn_name, cn_abbr, en_name, en_abbr, reference_base_std_id, reference_pub_cd_std_id, data_format, biz_def, "domain", data_len, ext_meta_module_json, switch_status_cd, edit_user_id, tenant_id, if_delete, creator, create_tm, modifier, modify_tm, ext_meta_module_def_id, std_num, unit, publish_status_cd, copy_base_std_id, alias, biz_subject_id, biz_rule, origin_according, decide_biz_sys_id, info_type_cd, data_scale, datatype_id, edit_status_cd, if_enable_null, biz_charge, tech_charge, mgmt_charge, if_continuous_domain, important_grade_cd, secu_grade_cd, ds_category_id, "describe", if_exist_domain, mgmt_auth, edit_auth) VALUES (249482349610293930, '项目地址', '项目地址', 'project address', '', -1, -1, '', '指项目的地址信息。', '', 255, '{}', '0', -1, 1, '0', 1533642897907507201, '2024-06-27 18:34:34.000000', 1533642897907507201, '2024-06-27 18:34:34.000000', -1, 'CZBZ02004', '', '', -1, '', -1, '指项目的地址信息。', '业务规范', -1, '', -1, 10007, 'effect_complete', '', '{}', '{}', '{}', '', '', '', 772166422389460992, '', '', null, null);



INSERT INTO ds_dim_std (dim_std_id, cn_name, cn_abbr, en_name, en_abbr, dim_num, alias, dim_level, valid_period, std_reference_id, dim_std_describe, biz_rule, secu_grade_cd, important_grade_cd, edit_status_cd, ext_meta_module_json, belong_label_def_id, belong_label_json, biz_charge, tech_charge, mgmt_charge, edit_user_id, parent_dim_std_id, ext_meta_module_def_id, ds_category_id, tenant_id, if_delete, creator, create_tm, modifier, modify_tm, "describe", switch_status_cd, reference_dim_std_id, mgmt_auth, edit_auth) VALUES (248735107903410576, '库款流出去向', '', 'Treasury_money_flows_out', 'Treasury_money_flows_out', 'D03008', '库款流出去向', '0', '2099-12-30', -1, '', '', '', '', 'effect_complete', '{}', -1, '{}', '{"roles": [], "users": [], "groups": [], "organizations": []}', '{"roles": [], "users": [], "groups": [], "organizations": []}', '{"roles": [], "users": [], "groups": [], "organizations": []}', -1, -1, -1, 772113559042789376, 1, '0', 1533642897907507201, '2024-06-25 17:05:03.000000', 1533642897907507201, '2024-06-26 10:13:21.960754', '库款流出去向', '0', -1, null, null);
INSERT INTO ds_dim_std (dim_std_id, cn_name, cn_abbr, en_name, en_abbr, dim_num, alias, dim_level, valid_period, std_reference_id, dim_std_describe, biz_rule, secu_grade_cd, important_grade_cd, edit_status_cd, ext_meta_module_json, belong_label_def_id, belong_label_json, biz_charge, tech_charge, mgmt_charge, edit_user_id, parent_dim_std_id, ext_meta_module_def_id, ds_category_id, tenant_id, if_delete, creator, create_tm, modifier, modify_tm, "describe", switch_status_cd, reference_dim_std_id, mgmt_auth, edit_auth) VALUES (248735107903410572, '政府性基金预算收入结构', '', 'Budget_revenue_structure_of_government_funds', 'Budget_revenue_structure_of_government_funds', 'D03004', '政府性基金预算收入结构', '0', '2099-12-30', -1, '', '', '', '', 'effect_complete', '{}', -1, '{}', '{"roles": [], "users": [], "groups": [], "organizations": []}', '{"roles": [], "users": [], "groups": [], "organizations": []}', '{"roles": [], "users": [], "groups": [], "organizations": []}', -1, -1, -1, 772113559042789376, 1, '0', 1533642897907507201, '2024-06-25 17:05:03.000000', 1533642897907507201, '2024-06-26 10:13:21.531506', '政府性基金预算收入结构', '0', -1, null, null);
INSERT INTO ds_dim_std (dim_std_id, cn_name, cn_abbr, en_name, en_abbr, dim_num, alias, dim_level, valid_period, std_reference_id, dim_std_describe, biz_rule, secu_grade_cd, important_grade_cd, edit_status_cd, ext_meta_module_json, belong_label_def_id, belong_label_json, biz_charge, tech_charge, mgmt_charge, edit_user_id, parent_dim_std_id, ext_meta_module_def_id, ds_category_id, tenant_id, if_delete, creator, create_tm, modifier, modify_tm, "describe", switch_status_cd, reference_dim_std_id, mgmt_auth, edit_auth) VALUES (248735107903410573, '一般公共预算支出构成', '', 'Composition_of_general_public_budget_expenditures', 'Composition_of_general_public_budget_expenditures', 'D03005', '一般公共预算支出构成', '0', '2099-12-30', -1, '', '', '', '', 'effect_complete', '{}', -1, '{}', '{"roles": [], "users": [], "groups": [], "organizations": []}', '{"roles": [], "users": [], "groups": [], "organizations": []}', '{"roles": [], "users": [], "groups": [], "organizations": []}', -1, -1, -1, 772113559042789376, 1, '0', 1533642897907507201, '2024-06-25 17:05:03.000000', 1533642897907507201, '2024-06-26 10:13:21.537811', '一般公共预算支出构成', '0', -1, null, null);
INSERT INTO ds_dim_std (dim_std_id, cn_name, cn_abbr, en_name, en_abbr, dim_num, alias, dim_level, valid_period, std_reference_id, dim_std_describe, biz_rule, secu_grade_cd, important_grade_cd, edit_status_cd, ext_meta_module_json, belong_label_def_id, belong_label_json, biz_charge, tech_charge, mgmt_charge, edit_user_id, parent_dim_std_id, ext_meta_module_def_id, ds_category_id, tenant_id, if_delete, creator, create_tm, modifier, modify_tm, "describe", switch_status_cd, reference_dim_std_id, mgmt_auth, edit_auth) VALUES (248735107903410575, '民生支出构成', '', 'Composition_of_livelihood_expenditure', 'Composition_of_livelihood_expenditure', 'D03007', '民生支出构成', '0', '2099-12-30', -1, '', '', '', '', 'effect_complete', '{}', -1, '{}', '{"roles": [], "users": [], "groups": [], "organizations": []}', '{"roles": [], "users": [], "groups": [], "organizations": []}', '{"roles": [], "users": [], "groups": [], "organizations": []}', -1, -1, -1, 772113559042789376, 1, '0', 1533642897907507201, '2024-06-25 17:05:03.000000', 1533642897907507201, '2024-06-26 10:13:21.535111', '民生支出构成', '0', -1, null, null);
INSERT INTO ds_dim_std (dim_std_id, cn_name, cn_abbr, en_name, en_abbr, dim_num, alias, dim_level, valid_period, std_reference_id, dim_std_describe, biz_rule, secu_grade_cd, important_grade_cd, edit_status_cd, ext_meta_module_json, belong_label_def_id, belong_label_json, biz_charge, tech_charge, mgmt_charge, edit_user_id, parent_dim_std_id, ext_meta_module_def_id, ds_category_id, tenant_id, if_delete, creator, create_tm, modifier, modify_tm, "describe", switch_status_cd, reference_dim_std_id, mgmt_auth, edit_auth) VALUES (248735107903410574, '三保分类', '', 'Three_guarantees_classification', 'Three_guarantees_classification', 'D03006', '三保分类', '0', '2099-12-30', -1, '', '', '', '', 'effect_complete', '{}', -1, '{}', '{"roles": [], "users": [], "groups": [], "organizations": []}', '{"roles": [], "users": [], "groups": [], "organizations": []}', '{"roles": [], "users": [], "groups": [], "organizations": []}', -1, -1, -1, 772113559042789376, 1, '0', 1533642897907507201, '2024-06-25 17:05:03.000000', 1533642897907507201, '2024-06-26 10:13:21.534444', '“三保”分类', '0', -1, null, null);
INSERT INTO ds_dim_std (dim_std_id, cn_name, cn_abbr, en_name, en_abbr, dim_num, alias, dim_level, valid_period, std_reference_id, dim_std_describe, biz_rule, secu_grade_cd, important_grade_cd, edit_status_cd, ext_meta_module_json, belong_label_def_id, belong_label_json, biz_charge, tech_charge, mgmt_charge, edit_user_id, parent_dim_std_id, ext_meta_module_def_id, ds_category_id, tenant_id, if_delete, creator, create_tm, modifier, modify_tm, "describe", switch_status_cd, reference_dim_std_id, mgmt_auth, edit_auth) VALUES (248735107903410571, '非税收入构成', '', 'Composition_of_non_tax_income', 'Composition_of_non_tax_income', 'D03003', '非税收入构成', '0', '2099-12-30', -1, '', '', '', '', 'effect_complete', '{}', -1, '{}', '{"roles": [], "users": [], "groups": [], "organizations": []}', '{"roles": [], "users": [], "groups": [], "organizations": []}', '{"roles": [], "users": [], "groups": [], "organizations": []}', -1, -1, -1, 772113559042789376, 1, '0', 1533642897907507201, '2024-06-25 17:05:03.000000', 1533642897907507201, '2024-06-26 10:13:21.532237', '非税收入构成', '0', -1, null, null);
INSERT INTO ds_dim_std (dim_std_id, cn_name, cn_abbr, en_name, en_abbr, dim_num, alias, dim_level, valid_period, std_reference_id, dim_std_describe, biz_rule, secu_grade_cd, important_grade_cd, edit_status_cd, ext_meta_module_json, belong_label_def_id, belong_label_json, biz_charge, tech_charge, mgmt_charge, edit_user_id, parent_dim_std_id, ext_meta_module_def_id, ds_category_id, tenant_id, if_delete, creator, create_tm, modifier, modify_tm, "describe", switch_status_cd, reference_dim_std_id, mgmt_auth, edit_auth) VALUES (248735107899216266, '税收收入构成', '', 'Composition_of_tax_revenues', 'CTR', 'D03002', '税收收入构成', '0', '2099-12-30', -1, '', '', '', '', 'effect_complete', '{}', -1, '{}', '{"roles": [], "users": [], "groups": [], "organizations": []}', '{"roles": [], "users": [], "groups": [], "organizations": []}', '{"roles": [], "users": [], "groups": [], "organizations": []}', -1, -1, -1, 772113559042789376, 1, '0', 1533642897907507201, '2024-06-25 17:05:03.000000', 1533642897907507201, '2024-06-25 19:01:46.990086', '税收收入构成', '0', -1, null, null);
INSERT INTO ds_dim_std (dim_std_id, cn_name, cn_abbr, en_name, en_abbr, dim_num, alias, dim_level, valid_period, std_reference_id, dim_std_describe, biz_rule, secu_grade_cd, important_grade_cd, edit_status_cd, ext_meta_module_json, belong_label_def_id, belong_label_json, biz_charge, tech_charge, mgmt_charge, edit_user_id, parent_dim_std_id, ext_meta_module_def_id, ds_category_id, tenant_id, if_delete, creator, create_tm, modifier, modify_tm, "describe", switch_status_cd, reference_dim_std_id, mgmt_auth, edit_auth) VALUES (771669492743933952, '单位分类', '', 'Unit_classification', 'Unit_classification', 'D02001', '单位分类', '1', '2026-06-30', -1, '', '', '', '', 'effect_is_del', '{}', -1, '{}', '{"roles": [], "users": [], "groups": [], "organizations": []}', '{"roles": [], "users": [], "groups": [], "organizations": []}', '{"roles": [], "users": [], "groups": [], "organizations": []}', -1, -1, 239804159623188518, 772113559042789376, 1, '1', 1533642897907507201, '2024-06-26 09:39:03.000000', 1533642897907507201, '2024-06-27 15:15:00.575612', '', '0', -1, null, null);
INSERT INTO ds_dim_std (dim_std_id, cn_name, cn_abbr, en_name, en_abbr, dim_num, alias, dim_level, valid_period, std_reference_id, dim_std_describe, biz_rule, secu_grade_cd, important_grade_cd, edit_status_cd, ext_meta_module_json, belong_label_def_id, belong_label_json, biz_charge, tech_charge, mgmt_charge, edit_user_id, parent_dim_std_id, ext_meta_module_def_id, ds_category_id, tenant_id, if_delete, creator, create_tm, modifier, modify_tm, "describe", switch_status_cd, reference_dim_std_id, mgmt_auth, edit_auth) VALUES (771798509019074560, '区域', '', 'area', 'area', 'D01001', '', '0', '2024-08-30', -1, '', '', '', '', 'effect_complete', '{}', -1, '{}', '{"roles": [], "users": [], "groups": [], "organizations": []}', '{"roles": [], "users": [], "groups": [], "organizations": []}', '{"roles": [], "users": [], "groups": [], "organizations": []}', -1, -1, 239804159623188518, 771798388822904832, 1, '0', 1533642897907507201, '2024-06-26 18:11:43.000000', 1533642897907507201, '2024-06-26 18:14:19.592533', '', '0', -1, null, null);
INSERT INTO ds_dim_std (dim_std_id, cn_name, cn_abbr, en_name, en_abbr, dim_num, alias, dim_level, valid_period, std_reference_id, dim_std_describe, biz_rule, secu_grade_cd, important_grade_cd, edit_status_cd, ext_meta_module_json, belong_label_def_id, belong_label_json, biz_charge, tech_charge, mgmt_charge, edit_user_id, parent_dim_std_id, ext_meta_module_def_id, ds_category_id, tenant_id, if_delete, creator, create_tm, modifier, modify_tm, "describe", switch_status_cd, reference_dim_std_id, mgmt_auth, edit_auth) VALUES (771799019944022016, '人员分类', '', 'person_cls', 'ps', 'D02002', '', '0', '2024-08-30', -1, '', '', '', '', 'effect_complete', '{}', -1, '{}', '{"roles": [], "users": [], "groups": [], "organizations": []}', '{"roles": [], "users": [], "groups": [], "organizations": []}', '{"roles": [], "users": [], "groups": [], "organizations": []}', -1, -1, 239804159623188518, 771798464387485696, 1, '0', 1533642897907507201, '2024-06-26 18:13:45.000000', 1533642897907507201, '2024-06-26 18:14:26.421810', '', '0', -1, null, null);
INSERT INTO ds_dim_std (dim_std_id, cn_name, cn_abbr, en_name, en_abbr, dim_num, alias, dim_level, valid_period, std_reference_id, dim_std_describe, biz_rule, secu_grade_cd, important_grade_cd, edit_status_cd, ext_meta_module_json, belong_label_def_id, belong_label_json, biz_charge, tech_charge, mgmt_charge, edit_user_id, parent_dim_std_id, ext_meta_module_def_id, ds_category_id, tenant_id, if_delete, creator, create_tm, modifier, modify_tm, "describe", switch_status_cd, reference_dim_std_id, mgmt_auth, edit_auth) VALUES (771798784056365056, '单位分类', '', 'unit_cls', 'us', 'D02001', '', '0', '2024-08-30', -1, '', '', '', '', 'effect_complete', '{}', -1, '{}', '{"roles": [], "users": [], "groups": [], "organizations": []}', '{"roles": [], "users": [], "groups": [], "organizations": []}', '{"roles": [], "users": [], "groups": [], "organizations": []}', -1, -1, 239804159623188518, 771798464387485696, 1, '0', 1533642897907507201, '2024-06-26 18:12:49.000000', 1533642897907507201, '2024-06-26 18:14:34.855484', '', '0', -1, null, null);
INSERT INTO ds_dim_std (dim_std_id, cn_name, cn_abbr, en_name, en_abbr, dim_num, alias, dim_level, valid_period, std_reference_id, dim_std_describe, biz_rule, secu_grade_cd, important_grade_cd, edit_status_cd, ext_meta_module_json, belong_label_def_id, belong_label_json, biz_charge, tech_charge, mgmt_charge, edit_user_id, parent_dim_std_id, ext_meta_module_def_id, ds_category_id, tenant_id, if_delete, creator, create_tm, modifier, modify_tm, "describe", switch_status_cd, reference_dim_std_id, mgmt_auth, edit_auth) VALUES (248735107903410579, '企业规模', '', 'The_size_of_the_enterprise', 'The_size_of_the_enterprise', 'D04004', '企业规模', '0', '2099-12-30', -1, '', '', '', '', 'effect_complete', '{}', -1, '{}', '{"roles": [], "users": [], "groups": [], "organizations": []}', '{"roles": [], "users": [], "groups": [], "organizations": []}', '{"roles": [], "users": [], "groups": [], "organizations": []}', -1, -1, -1, 772113597143846912, 1, '0', 1533642897907507201, '2024-06-25 17:05:03.000000', 1533642897907507201, '2024-06-26 10:13:21.959558', '企业规模', '0', -1, null, null);
INSERT INTO ds_dim_std (dim_std_id, cn_name, cn_abbr, en_name, en_abbr, dim_num, alias, dim_level, valid_period, std_reference_id, dim_std_describe, biz_rule, secu_grade_cd, important_grade_cd, edit_status_cd, ext_meta_module_json, belong_label_def_id, belong_label_json, biz_charge, tech_charge, mgmt_charge, edit_user_id, parent_dim_std_id, ext_meta_module_def_id, ds_category_id, tenant_id, if_delete, creator, create_tm, modifier, modify_tm, "describe", switch_status_cd, reference_dim_std_id, mgmt_auth, edit_auth) VALUES (248735107903410577, '企业所有制性质', '', 'The_nature_of_enterprise_ownership', 'The_nature_of_enterprise_ownership', 'D04001', '企业所有制性质', '0', '2099-12-30', -1, '', '', '', '', 'effect_complete', '{}', -1, '{}', '{"roles": [], "users": [], "groups": [], "organizations": []}', '{"roles": [], "users": [], "groups": [], "organizations": []}', '{"roles": [], "users": [], "groups": [], "organizations": []}', -1, -1, -1, 772113597143846912, 1, '0', 1533642897907507201, '2024-06-25 17:05:03.000000', 1533642897907507201, '2024-06-26 10:13:21.956938', '企业所有制性质', '0', -1, null, null);
INSERT INTO ds_dim_std (dim_std_id, cn_name, cn_abbr, en_name, en_abbr, dim_num, alias, dim_level, valid_period, std_reference_id, dim_std_describe, biz_rule, secu_grade_cd, important_grade_cd, edit_status_cd, ext_meta_module_json, belong_label_def_id, belong_label_json, biz_charge, tech_charge, mgmt_charge, edit_user_id, parent_dim_std_id, ext_meta_module_def_id, ds_category_id, tenant_id, if_delete, creator, create_tm, modifier, modify_tm, "describe", switch_status_cd, reference_dim_std_id, mgmt_auth, edit_auth) VALUES (248735107903410578, '税源企业所属行业', '', 'The_industry_to_which_the_tax_source_enterprise_belongs', 'The_industry_to_which_the_tax_source_enterprise_belongs', 'D04002', '税源企业所属行业', '0', '2099-12-30', -1, '', '', '', '', 'effect_complete', '{}', -1, '{}', '{"roles": [], "users": [], "groups": [], "organizations": []}', '{"roles": [], "users": [], "groups": [], "organizations": []}', '{"roles": [], "users": [], "groups": [], "organizations": []}', -1, -1, -1, 772113597143846912, 1, '0', 1533642897907507201, '2024-06-25 17:05:03.000000', 1533642897907507201, '2024-06-26 10:13:21.531593', '税源企业所属行业', '0', -1, null, null);
INSERT INTO ds_dim_std (dim_std_id, cn_name, cn_abbr, en_name, en_abbr, dim_num, alias, dim_level, valid_period, std_reference_id, dim_std_describe, biz_rule, secu_grade_cd, important_grade_cd, edit_status_cd, ext_meta_module_json, belong_label_def_id, belong_label_json, biz_charge, tech_charge, mgmt_charge, edit_user_id, parent_dim_std_id, ext_meta_module_def_id, ds_category_id, tenant_id, if_delete, creator, create_tm, modifier, modify_tm, "describe", switch_status_cd, reference_dim_std_id, mgmt_auth, edit_auth) VALUES (771448172131258368, '一般公共预算收入构成', '', 'Composition_of_general_public_budget_revenues', 'Composition_of_general_public_budget_revenues', 'D03001', '一般公共预算收入构成', '1', '2027-06-30', -1, '', '', '', '', 'effect_edit', '{}', -1, '{}', '{"roles": [], "users": [], "groups": [], "organizations": []}', '{"roles": [], "users": [], "groups": [], "organizations": []}', '{"roles": [], "users": [], "groups": [], "organizations": []}', 1533642897907507201, -1, 239804159623188518, 772113559042789376, 1, '0', 1533642897907507201, '2024-06-25 18:59:37.000000', 1533642897907507201, '2024-06-27 15:04:52.822671', '', '0', -1, null, null);



INSERT INTO ds_index_std (index_std_id, index_num, cn_name, cn_abbr, index_type, en_name, en_abbr, alias, data_format, measure_unit, index_class_cd, biz_datatype_cd, index_def, index_expression, ext_meta_module_json, belong_label_json, edit_status_cd, edit_user_id, biz_rule, tech_charge, mgmt_charge, secu_grade_cd, important_grade_cd, tenant_id, data_origin_sys_id, origin_table_id, if_delete, data_len, ext_meta_module_def_id, data_scale, belong_label_def_id, creator, create_tm, modifier, modify_tm, valid_period, assoc_std_id, index_origin, show_scale, datatype_cd, cal_cycle, adjust_dt, ds_category_id, switch_status_cd, biz_charge, "describe", reference_index_std_id, mgmt_auth, edit_auth, subject_name, subject_intro, dev_co, subject_duty_person, contacts, contact_way, expect_renew_frequency) VALUES (249377820059392524, 'I2063', '国有资本经营预算支出执行金额', '国有资本经营预算支出执行金额', 'basis', 'Executed Amount of State-owned Capital Operation Budget Expenditure', 'Executed Amount', '', '', '元', 3, 'float', '国有资本经营预算支出执行金额。', '取‘国有资本经营预算支出科目’的借方金额总和', '{}', '{}', 'effect_complete', -1, '国有资本经营预算收入执行金额：一体化系统——总预算账套——7003国有资本经营预算支出科目', '{"roles": [], "users": [], "groups": [], "organizations": []}', '{"roles": [], "users": [], "groups": [], "organizations": []}', '', '', 1, -1, -1, '0', -1, -1, -1, -1, 1533642897907507201, '2024-06-25 09:49:09.000000', 1533642897907507201, '2024-06-25 10:19:33.000000', '9999-12-31', -1, '系统建设', '', '-1', 'year', '1900-01-01', 249354828407394626, '0', '{"roles": [], "users": [], "groups": [], "organizations": []}', '', -1, null, null, null, null, null, null, null, null, null);
INSERT INTO ds_index_std (index_std_id, index_num, cn_name, cn_abbr, index_type, en_name, en_abbr, alias, data_format, measure_unit, index_class_cd, biz_datatype_cd, index_def, index_expression, ext_meta_module_json, belong_label_json, edit_status_cd, edit_user_id, biz_rule, tech_charge, mgmt_charge, secu_grade_cd, important_grade_cd, tenant_id, data_origin_sys_id, origin_table_id, if_delete, data_len, ext_meta_module_def_id, data_scale, belong_label_def_id, creator, create_tm, modifier, modify_tm, valid_period, assoc_std_id, index_origin, show_scale, datatype_cd, cal_cycle, adjust_dt, ds_category_id, switch_status_cd, biz_charge, "describe", reference_index_std_id, mgmt_auth, edit_auth, subject_name, subject_intro, dev_co, subject_duty_person, contacts, contact_way, expect_renew_frequency) VALUES (249409701589047843, 'I2015', '税比', '税比', 'derive', ' Tax Ratio', 'Tax Ratio', '', '', '百分比', 3, 'numerical', '税收收入占一般公共预算收入执行金额的比例。', '月末税比=税收金额÷一般公共预算收入执行金额', '{}', '{}', 'effect_complete', -1, '', '{"roles": [], "users": [], "groups": [], "organizations": []}', '{"roles": [], "users": [], "groups": [], "organizations": []}', '', '', 1, -1, -1, '0', -1, -1, -1, -1, 1533642897907507201, '2024-06-25 09:49:09.000000', 1533642897907507201, '2024-06-25 10:19:33.000000', '9999-12-31', -1, '政策文件', '', '-1', 'month', '1900-01-01', 249355885082595657, '0', '{"roles": [], "users": [], "groups": [], "organizations": []}', '', -1, null, null, null, null, null, null, null, null, null);
INSERT INTO ds_index_std (index_std_id, index_num, cn_name, cn_abbr, index_type, en_name, en_abbr, alias, data_format, measure_unit, index_class_cd, biz_datatype_cd, index_def, index_expression, ext_meta_module_json, belong_label_json, edit_status_cd, edit_user_id, biz_rule, tech_charge, mgmt_charge, secu_grade_cd, important_grade_cd, tenant_id, data_origin_sys_id, origin_table_id, if_delete, data_len, ext_meta_module_def_id, data_scale, belong_label_def_id, creator, create_tm, modifier, modify_tm, valid_period, assoc_std_id, index_origin, show_scale, datatype_cd, cal_cycle, adjust_dt, ds_category_id, switch_status_cd, biz_charge, "describe", reference_index_std_id, mgmt_auth, edit_auth, subject_name, subject_intro, dev_co, subject_duty_person, contacts, contact_way, expect_renew_frequency) VALUES (249363701105185109, 'I2009', '一般公共预算收入执行金额', '一般公共预算收入执行金额', 'basis', 'General Public Budget Revenue Executed Amount', 'Executed Amount', '', '', '元', 3, 'float', '指统计期间，全市一般公共预算收入执行金额。', '取‘一般公共预算收入科目’的贷方金额总和', '{}', '{}', 'effect_complete', -1, '一般公共预算收入执行金额：一体化系统——总预算账套——6001一般公共预算收入科目', '{"roles": [], "users": [], "groups": [], "organizations": []}', '{"roles": [], "users": [], "groups": [], "organizations": []}', '', '', 1, -1, -1, '0', -1, -1, -1, -1, 1533642897907507201, '2024-06-25 09:49:09.000000', 1533642897907507201, '2024-06-25 10:19:33.000000', '9999-12-31', -1, '系统建设', '', '-1', 'year', '1900-01-01', 249354828319314240, '0', '{"roles": [], "users": [], "groups": [], "organizations": []}', '', -1, null, null, null, null, null, null, null, null, null);
INSERT INTO ds_index_std (index_std_id, index_num, cn_name, cn_abbr, index_type, en_name, en_abbr, alias, data_format, measure_unit, index_class_cd, biz_datatype_cd, index_def, index_expression, ext_meta_module_json, belong_label_json, edit_status_cd, edit_user_id, biz_rule, tech_charge, mgmt_charge, secu_grade_cd, important_grade_cd, tenant_id, data_origin_sys_id, origin_table_id, if_delete, data_len, ext_meta_module_def_id, data_scale, belong_label_def_id, creator, create_tm, modifier, modify_tm, valid_period, assoc_std_id, index_origin, show_scale, datatype_cd, cal_cycle, adjust_dt, ds_category_id, switch_status_cd, biz_charge, "describe", reference_index_std_id, mgmt_auth, edit_auth, subject_name, subject_intro, dev_co, subject_duty_person, contacts, contact_way, expect_renew_frequency) VALUES (249367554047365467, 'I2034', '一般公共预算支出执行金额', '一般公共预算支出执行金额', 'basis', 'Executed Amount of General Public Budget Expenditure', 'Executed Amount', '', '', '元', 3, 'float', '一般公共预算支出执行金额。', '取‘一般公共预算支出科目’的借方金额总和', '{}', '{}', 'effect_complete', -1, '一般公共预算支出执行金额：一体化系统——总预算账套——7001一般公共预算支出科目', '{"roles": [], "users": [], "groups": [], "organizations": []}', '{"roles": [], "users": [], "groups": [], "organizations": []}', '', '', 1, -1, -1, '0', -1, -1, -1, -1, 1533642897907507201, '2024-06-25 09:49:09.000000', 1533642897907507201, '2024-06-25 10:19:33.000000', '9999-12-31', -1, '系统建设', '', '-1', 'year', '1900-01-01', 249354828319314240, '0', '{"roles": [], "users": [], "groups": [], "organizations": []}', '', -1, null, null, null, null, null, null, null, null, null);
INSERT INTO ds_index_std (index_std_id, index_num, cn_name, cn_abbr, index_type, en_name, en_abbr, alias, data_format, measure_unit, index_class_cd, biz_datatype_cd, index_def, index_expression, ext_meta_module_json, belong_label_json, edit_status_cd, edit_user_id, biz_rule, tech_charge, mgmt_charge, secu_grade_cd, important_grade_cd, tenant_id, data_origin_sys_id, origin_table_id, if_delete, data_len, ext_meta_module_def_id, data_scale, belong_label_def_id, creator, create_tm, modifier, modify_tm, valid_period, assoc_std_id, index_origin, show_scale, datatype_cd, cal_cycle, adjust_dt, ds_category_id, switch_status_cd, biz_charge, "describe", reference_index_std_id, mgmt_auth, edit_auth, subject_name, subject_intro, dev_co, subject_duty_person, contacts, contact_way, expect_renew_frequency) VALUES (249368018226794844, 'I2034', '一般公共预算支出执行进度', '一般公共预算支出执行进度', 'derive', 'Execution Progress of General Public Budget Expenditure', 'Execution Progress', '', '', '百分比', 3, 'float', '一般公共预算支出执行金额与一般公共预算支出预算金额的比例。', '一般公共预算支出执行进度=一般公共预算支出执行金额÷一般公共预算支出预算金额*100%', '{}', '{}', 'effect_complete', -1, '', '{"roles": [], "users": [], "groups": [], "organizations": []}', '{"roles": [], "users": [], "groups": [], "organizations": []}', '', '', 1, -1, -1, '0', -1, -1, -1, -1, 1533642897907507201, '2024-06-25 09:49:09.000000', 1533642897907507201, '2024-06-25 10:19:33.000000', '9999-12-31', -1, '系统建设', '', '-1', 'year', '1900-01-01', 249354828319314240, '0', '{"roles": [], "users": [], "groups": [], "organizations": []}', '', -1, null, null, null, null, null, null, null, null, null);
INSERT INTO ds_index_std (index_std_id, index_num, cn_name, cn_abbr, index_type, en_name, en_abbr, alias, data_format, measure_unit, index_class_cd, biz_datatype_cd, index_def, index_expression, ext_meta_module_json, belong_label_json, edit_status_cd, edit_user_id, biz_rule, tech_charge, mgmt_charge, secu_grade_cd, important_grade_cd, tenant_id, data_origin_sys_id, origin_table_id, if_delete, data_len, ext_meta_module_def_id, data_scale, belong_label_def_id, creator, create_tm, modifier, modify_tm, valid_period, assoc_std_id, index_origin, show_scale, datatype_cd, cal_cycle, adjust_dt, ds_category_id, switch_status_cd, biz_charge, "describe", reference_index_std_id, mgmt_auth, edit_auth, subject_name, subject_intro, dev_co, subject_duty_person, contacts, contact_way, expect_renew_frequency) VALUES (249365726668804440, 'I2012', '一般公共预算收入执行进度', '一般公共预算收入执行进度', 'derive', 'General Public Budget Revenue Execution Progress', 'Execution Progress', '', '', '百分比', 3, 'numerical', '一般公共预算收入执行金额与一般公共预算收入预算金额的比例。', '一般公共预算收入进度=一般公共预算收入执行金额÷一般公共预算收入预算金额*100%', '{}', '{}', 'effect_complete', -1, '', '{"roles": [], "users": [], "groups": [], "organizations": []}', '{"roles": [], "users": [], "groups": [], "organizations": []}', '', '', 1, -1, -1, '0', -1, -1, -1, -1, 1533642897907507201, '2024-06-25 09:49:09.000000', 1533642897907507201, '2024-06-25 10:19:33.000000', '9999-12-31', -1, '系统建设', '', '-1', 'year', '1900-01-01', 249354828319314240, '0', '{"roles": [], "users": [], "groups": [], "organizations": []}', '', -1, null, null, null, null, null, null, null, null, null);
INSERT INTO ds_index_std (index_std_id, index_num, cn_name, cn_abbr, index_type, en_name, en_abbr, alias, data_format, measure_unit, index_class_cd, biz_datatype_cd, index_def, index_expression, ext_meta_module_json, belong_label_json, edit_status_cd, edit_user_id, biz_rule, tech_charge, mgmt_charge, secu_grade_cd, important_grade_cd, tenant_id, data_origin_sys_id, origin_table_id, if_delete, data_len, ext_meta_module_def_id, data_scale, belong_label_def_id, creator, create_tm, modifier, modify_tm, valid_period, assoc_std_id, index_origin, show_scale, datatype_cd, cal_cycle, adjust_dt, ds_category_id, switch_status_cd, biz_charge, "describe", reference_index_std_id, mgmt_auth, edit_auth, subject_name, subject_intro, dev_co, subject_duty_person, contacts, contact_way, expect_renew_frequency) VALUES (249363676144882004, 'I2010', '一般公共预算收入预算金额', '一般公共预算收入预算金额', 'basis', 'General Public Budget Revenue Budgeted Amount', 'Budgeted Amount', '', '', '元', 3, 'float', '一般公共预算收入年初批复或调整预算数。', '', '{}', '{}', 'effect_complete', -1, '一体化系统--政府收支预算表-年初批复数/变动后预算数、资金性质代码', '{"roles": [], "users": [], "groups": [], "organizations": []}', '{"roles": [], "users": [], "groups": [], "organizations": []}', '', '', 1, -1, -1, '0', -1, -1, -1, -1, 1533642897907507201, '2024-06-25 09:49:09.000000', 1533642897907507201, '2024-06-25 10:19:33.000000', '9999-12-31', -1, '系统建设', '', '-1', 'year', '1900-01-01', 249354828319314240, '0', '{"roles": [], "users": [], "groups": [], "organizations": []}', '', -1, null, null, null, null, null, null, null, null, null);
INSERT INTO ds_index_std (index_std_id, index_num, cn_name, cn_abbr, index_type, en_name, en_abbr, alias, data_format, measure_unit, index_class_cd, biz_datatype_cd, index_def, index_expression, ext_meta_module_json, belong_label_json, edit_status_cd, edit_user_id, biz_rule, tech_charge, mgmt_charge, secu_grade_cd, important_grade_cd, tenant_id, data_origin_sys_id, origin_table_id, if_delete, data_len, ext_meta_module_def_id, data_scale, belong_label_def_id, creator, create_tm, modifier, modify_tm, valid_period, assoc_std_id, index_origin, show_scale, datatype_cd, cal_cycle, adjust_dt, ds_category_id, switch_status_cd, biz_charge, "describe", reference_index_std_id, mgmt_auth, edit_auth, subject_name, subject_intro, dev_co, subject_duty_person, contacts, contact_way, expect_renew_frequency) VALUES (249366186301608281, 'I7012', '一般公共预算收入增幅', '一般公共预算收入增幅', 'derive', 'Increase Rate of General Public Budget Revenue', 'Increase Rate', '', '', '百分比', 3, 'numerical', '', '一般公共预算收入增幅=（一般公共预算收入执行金额-去年同期一般公共预算收入执行金额）÷去年同期一般公共预算收入执行金额*100%', '{}', '{}', 'effect_complete', -1, '', '{"roles": [], "users": [], "groups": [], "organizations": []}', '{"roles": [], "users": [], "groups": [], "organizations": []}', '', '', 1, -1, -1, '0', -1, -1, -1, -1, 1533642897907507201, '2024-06-25 09:49:09.000000', 1533642897907507201, '2024-06-25 10:19:33.000000', '9999-12-31', -1, '系统建设', '', '-1', 'year', '1900-01-01', 249354828319314240, '0', '{"roles": [], "users": [], "groups": [], "organizations": []}', '', -1, null, null, null, null, null, null, null, null, null);
INSERT INTO ds_index_std (index_std_id, index_num, cn_name, cn_abbr, index_type, en_name, en_abbr, alias, data_format, measure_unit, index_class_cd, biz_datatype_cd, index_def, index_expression, ext_meta_module_json, belong_label_json, edit_status_cd, edit_user_id, biz_rule, tech_charge, mgmt_charge, secu_grade_cd, important_grade_cd, tenant_id, data_origin_sys_id, origin_table_id, if_delete, data_len, ext_meta_module_def_id, data_scale, belong_label_def_id, creator, create_tm, modifier, modify_tm, valid_period, assoc_std_id, index_origin, show_scale, datatype_cd, cal_cycle, adjust_dt, ds_category_id, switch_status_cd, biz_charge, "describe", reference_index_std_id, mgmt_auth, edit_auth, subject_name, subject_intro, dev_co, subject_duty_person, contacts, contact_way, expect_renew_frequency) VALUES (249367071366861146, 'I2035', '一般公共预算支出预算金额', '一般公共预算支出预算金额', 'basis', 'Budgeted Amount of General Public Budget Expenditure', 'Budgeted Amount', '', '', '元', 3, 'float', '一般公共预算支出年初批复或调整预算数。', '', '{}', '{}', 'effect_complete', -1, '一体化系统--政府收支预算表-年初批复数/变动后预算数、资金性质代码', '{"roles": [], "users": [], "groups": [], "organizations": []}', '{"roles": [], "users": [], "groups": [], "organizations": []}', '', '', 1, -1, -1, '0', -1, -1, -1, -1, 1533642897907507201, '2024-06-25 09:49:09.000000', 1533642897907507201, '2024-06-25 10:19:33.000000', '9999-12-31', -1, '系统建设', '', '-1', 'year', '1900-01-01', 249354828319314240, '0', '{"roles": [], "users": [], "groups": [], "organizations": []}', '', -1, null, null, null, null, null, null, null, null, null);
INSERT INTO ds_index_std (index_std_id, index_num, cn_name, cn_abbr, index_type, en_name, en_abbr, alias, data_format, measure_unit, index_class_cd, biz_datatype_cd, index_def, index_expression, ext_meta_module_json, belong_label_json, edit_status_cd, edit_user_id, biz_rule, tech_charge, mgmt_charge, secu_grade_cd, important_grade_cd, tenant_id, data_origin_sys_id, origin_table_id, if_delete, data_len, ext_meta_module_def_id, data_scale, belong_label_def_id, creator, create_tm, modifier, modify_tm, valid_period, assoc_std_id, index_origin, show_scale, datatype_cd, cal_cycle, adjust_dt, ds_category_id, switch_status_cd, biz_charge, "describe", reference_index_std_id, mgmt_auth, edit_auth, subject_name, subject_intro, dev_co, subject_duty_person, contacts, contact_way, expect_renew_frequency) VALUES (249370196484051293, 'I2021', '政府性基金预算收入预算金额', '政府性基金预算收入预算金额', 'basis', 'Budgeted Amount of Governmental Fund Budget Revenue', 'Budgeted Amount', '', '', '元', 3, 'float', '政府性基金预算收入年初或调整预算数。', '', '{}', '{}', 'effect_complete', -1, '一体化系统--政府收支预算表-年初批复数/变动后预算数、资金性质代码', '{"roles": [], "users": [], "groups": [], "organizations": []}', '{"roles": [], "users": [], "groups": [], "organizations": []}', '', '', 1, -1, -1, '0', -1, -1, -1, -1, 1533642897907507201, '2024-06-25 09:49:09.000000', 1533642897907507201, '2024-06-25 10:19:33.000000', '9999-12-31', -1, '系统建设', '', '-1', 'year', '1900-01-01', 249354828365451585, '0', '{"roles": [], "users": [], "groups": [], "organizations": []}', '', -1, null, null, null, null, null, null, null, null, null);
INSERT INTO ds_index_std (index_std_id, index_num, cn_name, cn_abbr, index_type, en_name, en_abbr, alias, data_format, measure_unit, index_class_cd, biz_datatype_cd, index_def, index_expression, ext_meta_module_json, belong_label_json, edit_status_cd, edit_user_id, biz_rule, tech_charge, mgmt_charge, secu_grade_cd, important_grade_cd, tenant_id, data_origin_sys_id, origin_table_id, if_delete, data_len, ext_meta_module_def_id, data_scale, belong_label_def_id, creator, create_tm, modifier, modify_tm, valid_period, assoc_std_id, index_origin, show_scale, datatype_cd, cal_cycle, adjust_dt, ds_category_id, switch_status_cd, biz_charge, "describe", reference_index_std_id, mgmt_auth, edit_auth, subject_name, subject_intro, dev_co, subject_duty_person, contacts, contact_way, expect_renew_frequency) VALUES (249371135945232737, 'I2020', '政府性基金预算收入执行金额', '政府性基金预算收入执行金额', 'basis', 'Executed Amount of Governmental Fund Budget Revenue', 'Executed Amount', '', '', '元', 3, 'float', '政府性基金预算收入执行金额。', '取‘政府性基金预算收入科目’的贷方金额总和', '{}', '{}', 'effect_complete', -1, '政府性基金预算收入执行金额：一体化系统——总预算账套——6002一政府性基金预算收入科目', '{"roles": [], "users": [], "groups": [], "organizations": []}', '{"roles": [], "users": [], "groups": [], "organizations": []}', '', '', 1, -1, -1, '0', -1, -1, -1, -1, 1533642897907507201, '2024-06-25 09:49:09.000000', 1533642897907507201, '2024-06-25 10:19:33.000000', '9999-12-31', -1, '系统建设', '', '-1', 'year', '1900-01-01', 249354828365451585, '0', '{"roles": [], "users": [], "groups": [], "organizations": []}', '', -1, null, null, null, null, null, null, null, null, null);
INSERT INTO ds_index_std (index_std_id, index_num, cn_name, cn_abbr, index_type, en_name, en_abbr, alias, data_format, measure_unit, index_class_cd, biz_datatype_cd, index_def, index_expression, ext_meta_module_json, belong_label_json, edit_status_cd, edit_user_id, biz_rule, tech_charge, mgmt_charge, secu_grade_cd, important_grade_cd, tenant_id, data_origin_sys_id, origin_table_id, if_delete, data_len, ext_meta_module_def_id, data_scale, belong_label_def_id, creator, create_tm, modifier, modify_tm, valid_period, assoc_std_id, index_origin, show_scale, datatype_cd, cal_cycle, adjust_dt, ds_category_id, switch_status_cd, biz_charge, "describe", reference_index_std_id, mgmt_auth, edit_auth, subject_name, subject_intro, dev_co, subject_duty_person, contacts, contact_way, expect_renew_frequency) VALUES (249372248341764608, 'I2023', '政府性基金预算收入执行进度', '政府性基金预算收入执行进度', 'derive', 'Execution Progress of Governmental Fund Budget Revenue', 'Execution Progress', '', '', '百分比', 3, 'numerical', '政府性基金预算收入执行金额与政府性基金预算收入预算金额的比例。', '政府性基金预算收入执行进度=政府性基金预算收入执行金额÷政府性基金预算收入预算金额*100%', '{}', '{}', 'effect_complete', -1, '', '{"roles": [], "users": [], "groups": [], "organizations": []}', '{"roles": [], "users": [], "groups": [], "organizations": []}', '', '', 1, -1, -1, '0', -1, -1, -1, -1, 1533642897907507201, '2024-06-25 09:49:09.000000', 1533642897907507201, '2024-06-25 10:19:33.000000', '9999-12-31', -1, '系统建设', '', '-1', 'year', '1900-01-01', 249354828365451585, '0', '{"roles": [], "users": [], "groups": [], "organizations": []}', '', -1, null, null, null, null, null, null, null, null, null);
INSERT INTO ds_index_std (index_std_id, index_num, cn_name, cn_abbr, index_type, en_name, en_abbr, alias, data_format, measure_unit, index_class_cd, biz_datatype_cd, index_def, index_expression, ext_meta_module_json, belong_label_json, edit_status_cd, edit_user_id, biz_rule, tech_charge, mgmt_charge, secu_grade_cd, important_grade_cd, tenant_id, data_origin_sys_id, origin_table_id, if_delete, data_len, ext_meta_module_def_id, data_scale, belong_label_def_id, creator, create_tm, modifier, modify_tm, valid_period, assoc_std_id, index_origin, show_scale, datatype_cd, cal_cycle, adjust_dt, ds_category_id, switch_status_cd, biz_charge, "describe", reference_index_std_id, mgmt_auth, edit_auth, subject_name, subject_intro, dev_co, subject_duty_person, contacts, contact_way, expect_renew_frequency) VALUES (249372629331368452, 'I7013', '政府性基金预算收入增幅', '政府性基金预算收入增幅', 'derive', 'Increase Rate of Governmental Fund Budget Revenue', 'Increase Rate', '', '', '百分比', 3, 'numerical', '', '政府性基金预算收入增幅=（政府性基金预算收入执行金额-去年同期政府性基金预算收入执行金额）÷去年同期政府性基金预算收入执行金额*100%', '{}', '{}', 'effect_complete', -1, '', '{"roles": [], "users": [], "groups": [], "organizations": []}', '{"roles": [], "users": [], "groups": [], "organizations": []}', '', '', 1, -1, -1, '0', -1, -1, -1, -1, 1533642897907507201, '2024-06-25 09:49:09.000000', 1533642897907507201, '2024-06-25 10:19:33.000000', '9999-12-31', -1, '系统建设', '', '-1', 'year', '1900-01-01', 249354828365451585, '0', '{"roles": [], "users": [], "groups": [], "organizations": []}', '', -1, null, null, null, null, null, null, null, null, null);
INSERT INTO ds_index_std (index_std_id, index_num, cn_name, cn_abbr, index_type, en_name, en_abbr, alias, data_format, measure_unit, index_class_cd, biz_datatype_cd, index_def, index_expression, ext_meta_module_json, belong_label_json, edit_status_cd, edit_user_id, biz_rule, tech_charge, mgmt_charge, secu_grade_cd, important_grade_cd, tenant_id, data_origin_sys_id, origin_table_id, if_delete, data_len, ext_meta_module_def_id, data_scale, belong_label_def_id, creator, create_tm, modifier, modify_tm, valid_period, assoc_std_id, index_origin, show_scale, datatype_cd, cal_cycle, adjust_dt, ds_category_id, switch_status_cd, biz_charge, "describe", reference_index_std_id, mgmt_auth, edit_auth, subject_name, subject_intro, dev_co, subject_duty_person, contacts, contact_way, expect_renew_frequency) VALUES (249373389003708933, 'I2058', '政府性基金预算支出预算金额', '政府性基金预算支出预算金额', 'basis', 'Budgeted Amount of Governmental Fund Budget Expenditure', 'Budgeted Amount', '', '', '元', 3, 'float', '政府性基金预算支出年初或调整预算数。', '', '{}', '{}', 'effect_complete', -1, '一体化系统--政府收支预算表-年初批复数/变动后预算数、资金性质代码', '{"roles": [], "users": [], "groups": [], "organizations": []}', '{"roles": [], "users": [], "groups": [], "organizations": []}', '', '', 1, -1, -1, '0', -1, -1, -1, -1, 1533642897907507201, '2024-06-25 09:49:09.000000', 1533642897907507201, '2024-06-25 10:19:33.000000', '9999-12-31', -1, '系统建设', '', '-1', 'year', '1900-01-01', 249354828365451585, '0', '{"roles": [], "users": [], "groups": [], "organizations": []}', '', -1, null, null, null, null, null, null, null, null, null);
INSERT INTO ds_index_std (index_std_id, index_num, cn_name, cn_abbr, index_type, en_name, en_abbr, alias, data_format, measure_unit, index_class_cd, biz_datatype_cd, index_def, index_expression, ext_meta_module_json, belong_label_json, edit_status_cd, edit_user_id, biz_rule, tech_charge, mgmt_charge, secu_grade_cd, important_grade_cd, tenant_id, data_origin_sys_id, origin_table_id, if_delete, data_len, ext_meta_module_def_id, data_scale, belong_label_def_id, creator, create_tm, modifier, modify_tm, valid_period, assoc_std_id, index_origin, show_scale, datatype_cd, cal_cycle, adjust_dt, ds_category_id, switch_status_cd, biz_charge, "describe", reference_index_std_id, mgmt_auth, edit_auth, subject_name, subject_intro, dev_co, subject_duty_person, contacts, contact_way, expect_renew_frequency) VALUES (249373821730052614, 'I2057', '政府性基金预算支出执行金额', '政府性基金预算支出执行金额', 'basis', 'Executed Amount of Governmental Fund Budget Expenditure', 'Executed Amount', '', '', '元', 3, 'float', '政府性基金预算支出执行金额。', '取‘政府性基金预算支出科目’的借方金额总和', '{}', '{}', 'effect_complete', -1, '政府性基金预算支出执行金额：一体化系统——总预算账套——7002政府性基金预算支出科目', '{"roles": [], "users": [], "groups": [], "organizations": []}', '{"roles": [], "users": [], "groups": [], "organizations": []}', '', '', 1, -1, -1, '0', -1, -1, -1, -1, 1533642897907507201, '2024-06-25 09:49:09.000000', 1533642897907507201, '2024-06-25 10:19:33.000000', '9999-12-31', -1, '系统建设', '', '-1', 'year', '1900-01-01', 249354828365451585, '0', '{"roles": [], "users": [], "groups": [], "organizations": []}', '', -1, null, null, null, null, null, null, null, null, null);
INSERT INTO ds_index_std (index_std_id, index_num, cn_name, cn_abbr, index_type, en_name, en_abbr, alias, data_format, measure_unit, index_class_cd, biz_datatype_cd, index_def, index_expression, ext_meta_module_json, belong_label_json, edit_status_cd, edit_user_id, biz_rule, tech_charge, mgmt_charge, secu_grade_cd, important_grade_cd, tenant_id, data_origin_sys_id, origin_table_id, if_delete, data_len, ext_meta_module_def_id, data_scale, belong_label_def_id, creator, create_tm, modifier, modify_tm, valid_period, assoc_std_id, index_origin, show_scale, datatype_cd, cal_cycle, adjust_dt, ds_category_id, switch_status_cd, biz_charge, "describe", reference_index_std_id, mgmt_auth, edit_auth, subject_name, subject_intro, dev_co, subject_duty_person, contacts, contact_way, expect_renew_frequency) VALUES (249374362442947079, 'I8005', '政府性基金预算支出执行进度', '政府性基金预算支出执行进度', 'derive', 'Execution Progress of Governmental Fund Budget Expenditure', 'Execution Progress', '', '', '百分比', 3, 'float', '政府性基金预算支出执行金额与政府性基金预算支出预算金额的比例。', '政府性基金预算支出进度=政府性基金预算支出执行金额÷政府性基金预算支出预算金额×100%。', '{}', '{}', 'effect_complete', -1, '', '{"roles": [], "users": [], "groups": [], "organizations": []}', '{"roles": [], "users": [], "groups": [], "organizations": []}', '', '', 1, -1, -1, '0', -1, -1, -1, -1, 1533642897907507201, '2024-06-25 09:49:09.000000', 1533642897907507201, '2024-06-25 10:19:33.000000', '9999-12-31', -1, '政策文件', '', '-1', 'year', '1900-01-01', 249354828365451585, '0', '{"roles": [], "users": [], "groups": [], "organizations": []}', '', -1, null, null, null, null, null, null, null, null, null);
INSERT INTO ds_index_std (index_std_id, index_num, cn_name, cn_abbr, index_type, en_name, en_abbr, alias, data_format, measure_unit, index_class_cd, biz_datatype_cd, index_def, index_expression, ext_meta_module_json, belong_label_json, edit_status_cd, edit_user_id, biz_rule, tech_charge, mgmt_charge, secu_grade_cd, important_grade_cd, tenant_id, data_origin_sys_id, origin_table_id, if_delete, data_len, ext_meta_module_def_id, data_scale, belong_label_def_id, creator, create_tm, modifier, modify_tm, valid_period, assoc_std_id, index_origin, show_scale, datatype_cd, cal_cycle, adjust_dt, ds_category_id, switch_status_cd, biz_charge, "describe", reference_index_std_id, mgmt_auth, edit_auth, subject_name, subject_intro, dev_co, subject_duty_person, contacts, contact_way, expect_renew_frequency) VALUES (249375218714302984, 'I2028', '国有资本经营预算收入预算金额', '国有资本经营预算收入预算金额', 'basis', 'Budgeted Amount of State-owned Capital Operation Budget Revenue', 'Budgeted Amount', '', '', '元', 3, 'numerical', '国有资本经营预算收入年初批复或调整预算数。', '', '{}', '{}', 'effect_complete', -1, '一体化系统--政府收支预算表-年初批复数/变动后预算数、资金性质代码', '{"roles": [], "users": [], "groups": [], "organizations": []}', '{"roles": [], "users": [], "groups": [], "organizations": []}', '', '', 1, -1, -1, '0', -1, -1, -1, -1, 1533642897907507201, '2024-06-25 09:49:09.000000', 1533642897907507201, '2024-06-25 10:19:33.000000', '9999-12-31', -1, '系统建设', '', '-1', 'year', '1900-01-01', 249354828407394626, '0', '{"roles": [], "users": [], "groups": [], "organizations": []}', '', -1, null, null, null, null, null, null, null, null, null);
INSERT INTO ds_index_std (index_std_id, index_num, cn_name, cn_abbr, index_type, en_name, en_abbr, alias, data_format, measure_unit, index_class_cd, biz_datatype_cd, index_def, index_expression, ext_meta_module_json, belong_label_json, edit_status_cd, edit_user_id, biz_rule, tech_charge, mgmt_charge, secu_grade_cd, important_grade_cd, tenant_id, data_origin_sys_id, origin_table_id, if_delete, data_len, ext_meta_module_def_id, data_scale, belong_label_def_id, creator, create_tm, modifier, modify_tm, valid_period, assoc_std_id, index_origin, show_scale, datatype_cd, cal_cycle, adjust_dt, ds_category_id, switch_status_cd, biz_charge, "describe", reference_index_std_id, mgmt_auth, edit_auth, subject_name, subject_intro, dev_co, subject_duty_person, contacts, contact_way, expect_renew_frequency) VALUES (249375541474384393, 'I2026', '国有资本经营预算收入执行金额', '国有资本经营预算收入执行金额', 'basis', 'Execution Progress of Governmental Fund Budget Expenditure', 'Execution Progress', '', '', '元', 3, 'numerical', '国有资本经营预算收入执行金额。', '取‘国有资本经营预算收入科目’的贷方金额总和', '{}', '{}', 'effect_complete', -1, '国有资本经营预算收入执行金额：一体化系统——总预算账套——6003国有资本经营预算收入科目', '{"roles": [], "users": [], "groups": [], "organizations": []}', '{"roles": [], "users": [], "groups": [], "organizations": []}', '', '', 1, -1, -1, '0', -1, -1, -1, -1, 1533642897907507201, '2024-06-25 09:49:09.000000', 1533642897907507201, '2024-06-25 10:19:33.000000', '9999-12-31', -1, '系统建设', '', '-1', 'year', '1900-01-01', 249354828407394626, '0', '{"roles": [], "users": [], "groups": [], "organizations": []}', '', -1, null, null, null, null, null, null, null, null, null);
INSERT INTO ds_index_std (index_std_id, index_num, cn_name, cn_abbr, index_type, en_name, en_abbr, alias, data_format, measure_unit, index_class_cd, biz_datatype_cd, index_def, index_expression, ext_meta_module_json, belong_label_json, edit_status_cd, edit_user_id, biz_rule, tech_charge, mgmt_charge, secu_grade_cd, important_grade_cd, tenant_id, data_origin_sys_id, origin_table_id, if_delete, data_len, ext_meta_module_def_id, data_scale, belong_label_def_id, creator, create_tm, modifier, modify_tm, valid_period, assoc_std_id, index_origin, show_scale, datatype_cd, cal_cycle, adjust_dt, ds_category_id, switch_status_cd, biz_charge, "describe", reference_index_std_id, mgmt_auth, edit_auth, subject_name, subject_intro, dev_co, subject_duty_person, contacts, contact_way, expect_renew_frequency) VALUES (249376672162273802, 'I2029', '国有资本经营预算收入执行进度', '国有资本经营预算收入执行进度', 'derive', 'Execution Progress of State-owned Capital Operation Budget Revenue', 'Execution Progress', '', '', '百分比', 3, 'float', '国有资本经营预算收入执行金额与国有资本经营预算收入预算金额的比例。', '国有资本经营预算收入执行进度=国有资本经营预算收入执行金额÷国有资本经营预算收入预算金额*100%', '{}', '{}', 'effect_complete', -1, '', '{"roles": [], "users": [], "groups": [], "organizations": []}', '{"roles": [], "users": [], "groups": [], "organizations": []}', '', '', 1, -1, -1, '0', -1, -1, -1, -1, 1533642897907507201, '2024-06-25 09:49:09.000000', 1533642897907507201, '2024-06-25 10:19:33.000000', '9999-12-31', -1, '系统建设', '', '-1', 'year', '1900-01-01', 249354828407394626, '0', '{"roles": [], "users": [], "groups": [], "organizations": []}', '', -1, null, null, null, null, null, null, null, null, null);
INSERT INTO ds_index_std (index_std_id, index_num, cn_name, cn_abbr, index_type, en_name, en_abbr, alias, data_format, measure_unit, index_class_cd, biz_datatype_cd, index_def, index_expression, ext_meta_module_json, belong_label_json, edit_status_cd, edit_user_id, biz_rule, tech_charge, mgmt_charge, secu_grade_cd, important_grade_cd, tenant_id, data_origin_sys_id, origin_table_id, if_delete, data_len, ext_meta_module_def_id, data_scale, belong_label_def_id, creator, create_tm, modifier, modify_tm, valid_period, assoc_std_id, index_origin, show_scale, datatype_cd, cal_cycle, adjust_dt, ds_category_id, switch_status_cd, biz_charge, "describe", reference_index_std_id, mgmt_auth, edit_auth, subject_name, subject_intro, dev_co, subject_duty_person, contacts, contact_way, expect_renew_frequency) VALUES (249377292223011339, 'I2064', '国有资本经营预算支出预算金额', '国有资本经营预算支出预算金额', 'basis', 'Budgeted Amount of State-owned Capital Operation Budget Expenditure', 'Budgeted Amount', '', '', '元', 3, 'float', '国有资本经营预算支出年初批复或调整预算数。', '', '{}', '{}', 'effect_complete', -1, '一体化系统--政府收支预算表-年初批复数/变动后预算数、资金性质代码', '{"roles": [], "users": [], "groups": [], "organizations": []}', '{"roles": [], "users": [], "groups": [], "organizations": []}', '', '', 1, -1, -1, '0', -1, -1, -1, -1, 1533642897907507201, '2024-06-25 09:49:09.000000', 1533642897907507201, '2024-06-25 10:19:33.000000', '9999-12-31', -1, '系统建设', '', '-1', 'year', '1900-01-01', 249354828407394626, '0', '{"roles": [], "users": [], "groups": [], "organizations": []}', '', -1, null, null, null, null, null, null, null, null, null);
INSERT INTO ds_index_std (index_std_id, index_num, cn_name, cn_abbr, index_type, en_name, en_abbr, alias, data_format, measure_unit, index_class_cd, biz_datatype_cd, index_def, index_expression, ext_meta_module_json, belong_label_json, edit_status_cd, edit_user_id, biz_rule, tech_charge, mgmt_charge, secu_grade_cd, important_grade_cd, tenant_id, data_origin_sys_id, origin_table_id, if_delete, data_len, ext_meta_module_def_id, data_scale, belong_label_def_id, creator, create_tm, modifier, modify_tm, valid_period, assoc_std_id, index_origin, show_scale, datatype_cd, cal_cycle, adjust_dt, ds_category_id, switch_status_cd, biz_charge, "describe", reference_index_std_id, mgmt_auth, edit_auth, subject_name, subject_intro, dev_co, subject_duty_person, contacts, contact_way, expect_renew_frequency) VALUES (249378265658055181, 'I2065', '国有资本经营预算支出执行进度', '国有资本经营预算支出执行进度', 'derive', 'Execution Progress of State-owned Capital Operation Budget Expenditure', 'Execution Progress', '', '', '百分比', 3, 'numerical', '国有资本经营预算支出执行金额与国有资本经营预算支出预算金额的比例。', '国有资本经营预算支出执行进度=国有资本经营预算支出执行金额÷国有资本经营预算支出预算金额*100%', '{}', '{}', 'effect_complete', -1, '', '{"roles": [], "users": [], "groups": [], "organizations": []}', '{"roles": [], "users": [], "groups": [], "organizations": []}', '', '', 1, -1, -1, '0', -1, -1, -1, -1, 1533642897907507201, '2024-06-25 09:49:09.000000', 1533642897907507201, '2024-06-25 10:19:33.000000', '9999-12-31', -1, '系统建设', '', '-1', 'year', '1900-01-01', 249354828407394626, '0', '{"roles": [], "users": [], "groups": [], "organizations": []}', '', -1, null, null, null, null, null, null, null, null, null);
INSERT INTO ds_index_std (index_std_id, index_num, cn_name, cn_abbr, index_type, en_name, en_abbr, alias, data_format, measure_unit, index_class_cd, biz_datatype_cd, index_def, index_expression, ext_meta_module_json, belong_label_json, edit_status_cd, edit_user_id, biz_rule, tech_charge, mgmt_charge, secu_grade_cd, important_grade_cd, tenant_id, data_origin_sys_id, origin_table_id, if_delete, data_len, ext_meta_module_def_id, data_scale, belong_label_def_id, creator, create_tm, modifier, modify_tm, valid_period, assoc_std_id, index_origin, show_scale, datatype_cd, cal_cycle, adjust_dt, ds_category_id, switch_status_cd, biz_charge, "describe", reference_index_std_id, mgmt_auth, edit_auth, subject_name, subject_intro, dev_co, subject_duty_person, contacts, contact_way, expect_renew_frequency) VALUES (249401571371145756, 'I7003', '新增暂付款', '新增暂付款', 'derive', 'Newly Added Temporary Payments', 'Newly Added', '', '', '元', 3, 'float', '本月暂付款余额相比上月暂付款余额的变动数。', '新增暂付款=本期暂付款余额-上期暂付款余额', '{}', '{}', 'effect_complete', -1, '', '{"roles": [], "users": [], "groups": [], "organizations": []}', '{"roles": [], "users": [], "groups": [], "organizations": []}', '', '', 1, -1, -1, '0', -1, -1, -1, -1, 1533642897907507201, '2024-06-25 09:49:09.000000', 1533642897907507201, '2024-06-25 10:19:33.000000', '9999-12-31', -1, '系统建设', '', '-1', 'month', '1900-01-01', 249354828604526919, '0', '{"roles": [], "users": [], "groups": [], "organizations": []}', '', -1, null, null, null, null, null, null, null, null, null);
INSERT INTO ds_index_std (index_std_id, index_num, cn_name, cn_abbr, index_type, en_name, en_abbr, alias, data_format, measure_unit, index_class_cd, biz_datatype_cd, index_def, index_expression, ext_meta_module_json, belong_label_json, edit_status_cd, edit_user_id, biz_rule, tech_charge, mgmt_charge, secu_grade_cd, important_grade_cd, tenant_id, data_origin_sys_id, origin_table_id, if_delete, data_len, ext_meta_module_def_id, data_scale, belong_label_def_id, creator, create_tm, modifier, modify_tm, valid_period, assoc_std_id, index_origin, show_scale, datatype_cd, cal_cycle, adjust_dt, ds_category_id, switch_status_cd, biz_charge, "describe", reference_index_std_id, mgmt_auth, edit_auth, subject_name, subject_intro, dev_co, subject_duty_person, contacts, contact_way, expect_renew_frequency) VALUES (249379608946825742, 'I1003', '财政专户数量', '财政专户数量', 'basis', 'Number of Fiscal Special Accounts', 'Number', '', '', '户数', 3, 'numerical', '指统计期末，财政部门为履行财政管理职能，根据法律规定或者经国务院批准，在银行业金融机构开设的用于管理核算特定专用资金的银行结算账户总数。', '——', '{}', '{}', 'effect_complete', -1, '一体化系统——账户信息表——记录数', '{"roles": [], "users": [], "groups": [], "organizations": []}', '{"roles": [], "users": [], "groups": [], "organizations": []}', '', '', 1, -1, -1, '0', -1, -1, -1, -1, 1533642897907507201, '2024-06-25 09:49:09.000000', 1533642897907507201, '2024-06-27 11:46:17.263471', '9999-12-31', -1, '系统建设', '', '-1', 'month', '1900-01-01', 249354828449337667, '0', '{"roles": [], "users": [], "groups": [], "organizations": []}', '', -1, null, null, null, null, null, null, null, null, null);
INSERT INTO ds_index_std (index_std_id, index_num, cn_name, cn_abbr, index_type, en_name, en_abbr, alias, data_format, measure_unit, index_class_cd, biz_datatype_cd, index_def, index_expression, ext_meta_module_json, belong_label_json, edit_status_cd, edit_user_id, biz_rule, tech_charge, mgmt_charge, secu_grade_cd, important_grade_cd, tenant_id, data_origin_sys_id, origin_table_id, if_delete, data_len, ext_meta_module_def_id, data_scale, belong_label_def_id, creator, create_tm, modifier, modify_tm, valid_period, assoc_std_id, index_origin, show_scale, datatype_cd, cal_cycle, adjust_dt, ds_category_id, switch_status_cd, biz_charge, "describe", reference_index_std_id, mgmt_auth, edit_auth, subject_name, subject_intro, dev_co, subject_duty_person, contacts, contact_way, expect_renew_frequency) VALUES (249380683468790289, 'I2069', '财政专户资金余额', '财政专户资金余额', 'basis', 'Balance of Funds in Fiscal Special Accounts', 'Balance', '', '', '元', 3, 'float', '', '财政专户资金余额=余额+借方金额-贷方金额', '{}', '{}', 'effect_complete', -1, '余额：一体化系统--财政总会计凭证分录表--金额
借方金额：一体化系统--财政总会计凭证分录表--金额，借贷方向为借方
贷方金额：一体化系统--财政总会计凭证分录表--金额，借贷方向为贷方

限制条件：账户类别', '{"roles": [], "users": [], "groups": [], "organizations": []}', '{"roles": [], "users": [], "groups": [], "organizations": []}', '', '', 1, -1, -1, '0', -1, -1, -1, -1, 1533642897907507201, '2024-06-25 09:49:09.000000', 1533642897907507201, '2024-06-25 10:19:33.000000', '9999-12-31', -1, '系统建设', '', '-1', 'month', '1900-01-01', 249354828449337667, '0', '{"roles": [], "users": [], "groups": [], "organizations": []}', '', -1, null, null, null, null, null, null, null, null, null);
INSERT INTO ds_index_std (index_std_id, index_num, cn_name, cn_abbr, index_type, en_name, en_abbr, alias, data_format, measure_unit, index_class_cd, biz_datatype_cd, index_def, index_expression, ext_meta_module_json, belong_label_json, edit_status_cd, edit_user_id, biz_rule, tech_charge, mgmt_charge, secu_grade_cd, important_grade_cd, tenant_id, data_origin_sys_id, origin_table_id, if_delete, data_len, ext_meta_module_def_id, data_scale, belong_label_def_id, creator, create_tm, modifier, modify_tm, valid_period, assoc_std_id, index_origin, show_scale, datatype_cd, cal_cycle, adjust_dt, ds_category_id, switch_status_cd, biz_charge, "describe", reference_index_std_id, mgmt_auth, edit_auth, subject_name, subject_intro, dev_co, subject_duty_person, contacts, contact_way, expect_renew_frequency) VALUES (249382663775869461, 'I2073', '财政专户资金流出金额', '财政专户资金流出金额', 'basis', 'Outflow Amount of Funds from Fiscal Special Accounts', 'Outflow Amount', '', '', '元', 3, 'float', '', '取''贷方金额''的总和', '{}', '{}', 'effect_complete', -1, '一体化系统--财政总会计凭证分录表--金额
借贷方向为贷方

限制条件：账户类别', '{"roles": [], "users": [], "groups": [], "organizations": []}', '{"roles": [], "users": [], "groups": [], "organizations": []}', '', '', 1, -1, -1, '0', -1, -1, -1, -1, 1533642897907507201, '2024-06-25 09:49:09.000000', 1533642897907507201, '2024-06-25 10:19:33.000000', '9999-12-31', -1, '系统建设', '', '-1', 'month', '1900-01-01', 249354828449337667, '0', '{"roles": [], "users": [], "groups": [], "organizations": []}', '', -1, null, null, null, null, null, null, null, null, null);
INSERT INTO ds_index_std (index_std_id, index_num, cn_name, cn_abbr, index_type, en_name, en_abbr, alias, data_format, measure_unit, index_class_cd, biz_datatype_cd, index_def, index_expression, ext_meta_module_json, belong_label_json, edit_status_cd, edit_user_id, biz_rule, tech_charge, mgmt_charge, secu_grade_cd, important_grade_cd, tenant_id, data_origin_sys_id, origin_table_id, if_delete, data_len, ext_meta_module_def_id, data_scale, belong_label_def_id, creator, create_tm, modifier, modify_tm, valid_period, assoc_std_id, index_origin, show_scale, datatype_cd, cal_cycle, adjust_dt, ds_category_id, switch_status_cd, biz_charge, "describe", reference_index_std_id, mgmt_auth, edit_auth, subject_name, subject_intro, dev_co, subject_duty_person, contacts, contact_way, expect_renew_frequency) VALUES (249382682482465302, 'I7011', '拨付专户支出占比', '拨付专户支出占比', 'derive', ' Proportion of Allocated Expenditures from Special Account', 'Proportion', '', '', '百分比', 3, 'numerical', '', '拨付专户支出占比=拨付支出类财政专户流出金额÷（一般公共预算支出执行金额+政府性基金预算支出执行金额+国有资本预算支出执行金额）*100%', '{}', '{}', 'effect_complete', -1, '限制条件：账户类别', '{"roles": [], "users": [], "groups": [], "organizations": []}', '{"roles": [], "users": [], "groups": [], "organizations": []}', '', '', 1, -1, -1, '0', -1, -1, -1, -1, 1533642897907507201, '2024-06-25 09:49:09.000000', 1533642897907507201, '2024-06-25 10:19:33.000000', '9999-12-31', -1, '系统建设', '', '-1', 'month', '1900-01-01', 249354828449337667, '0', '{"roles": [], "users": [], "groups": [], "organizations": []}', '', -1, null, null, null, null, null, null, null, null, null);
INSERT INTO ds_index_std (index_std_id, index_num, cn_name, cn_abbr, index_type, en_name, en_abbr, alias, data_format, measure_unit, index_class_cd, biz_datatype_cd, index_def, index_expression, ext_meta_module_json, belong_label_json, edit_status_cd, edit_user_id, biz_rule, tech_charge, mgmt_charge, secu_grade_cd, important_grade_cd, tenant_id, data_origin_sys_id, origin_table_id, if_delete, data_len, ext_meta_module_def_id, data_scale, belong_label_def_id, creator, create_tm, modifier, modify_tm, valid_period, assoc_std_id, index_origin, show_scale, datatype_cd, cal_cycle, adjust_dt, ds_category_id, switch_status_cd, biz_charge, "describe", reference_index_std_id, mgmt_auth, edit_auth, subject_name, subject_intro, dev_co, subject_duty_person, contacts, contact_way, expect_renew_frequency) VALUES (249381206779517459, 'I2071', '财政专户资金流入金额', '财政专户资金流入金额', 'basis', 'Inflow Amount of Funds into Fiscal Special Accounts', 'Inflow Amount', '', '', '元', 3, 'float', '', '取''借方金额''的总和', '{}', '{}', 'effect_complete', -1, '一体化系统--财政总会计凭证分录表--金额
借贷方向：借方

限制条件：账户类别', '{"roles": [], "users": [], "groups": [], "organizations": []}', '{"roles": [], "users": [], "groups": [], "organizations": []}', '', '', 1, -1, -1, '0', -1, -1, -1, -1, 1533642897907507201, '2024-06-25 09:49:09.000000', 1533642897907507201, '2024-06-25 10:19:33.000000', '9999-12-31', -1, '系统建设', '', '-1', 'month', '1900-01-01', 249354828449337667, '0', '{"roles": [], "users": [], "groups": [], "organizations": []}', '', -1, null, null, null, null, null, null, null, null, null);
INSERT INTO ds_index_std (index_std_id, index_num, cn_name, cn_abbr, index_type, en_name, en_abbr, alias, data_format, measure_unit, index_class_cd, biz_datatype_cd, index_def, index_expression, ext_meta_module_json, belong_label_json, edit_status_cd, edit_user_id, biz_rule, tech_charge, mgmt_charge, secu_grade_cd, important_grade_cd, tenant_id, data_origin_sys_id, origin_table_id, if_delete, data_len, ext_meta_module_def_id, data_scale, belong_label_def_id, creator, create_tm, modifier, modify_tm, valid_period, assoc_std_id, index_origin, show_scale, datatype_cd, cal_cycle, adjust_dt, ds_category_id, switch_status_cd, biz_charge, "describe", reference_index_std_id, mgmt_auth, edit_auth, subject_name, subject_intro, dev_co, subject_duty_person, contacts, contact_way, expect_renew_frequency) VALUES (249399814423337496, 'I2088', '库款余额', '库款余额', 'basis', 'Treasury Balance', 'Treasury Balance', '', '', '元', 3, 'float', '各地区在人行账户库款余额。', '取''本日余额''的总和', '{}', '{}', 'effect_complete', -1, '库款余额：一体化系统——库存日报——“本日库存”', '{"roles": [], "users": [], "groups": [], "organizations": []}', '{"roles": [], "users": [], "groups": [], "organizations": []}', '', '', 1, -1, -1, '0', -1, -1, -1, -1, 1533642897907507201, '2024-06-25 09:49:09.000000', 1533642897907507201, '2024-06-25 10:19:33.000000', '9999-12-31', -1, '系统建设', '', '-1', 'day', '1900-01-01', 249354828566778182, '0', '{"roles": [], "users": [], "groups": [], "organizations": []}', '', -1, null, null, null, null, null, null, null, null, null);
INSERT INTO ds_index_std (index_std_id, index_num, cn_name, cn_abbr, index_type, en_name, en_abbr, alias, data_format, measure_unit, index_class_cd, biz_datatype_cd, index_def, index_expression, ext_meta_module_json, belong_label_json, edit_status_cd, edit_user_id, biz_rule, tech_charge, mgmt_charge, secu_grade_cd, important_grade_cd, tenant_id, data_origin_sys_id, origin_table_id, if_delete, data_len, ext_meta_module_def_id, data_scale, belong_label_def_id, creator, create_tm, modifier, modify_tm, valid_period, assoc_std_id, index_origin, show_scale, datatype_cd, cal_cycle, adjust_dt, ds_category_id, switch_status_cd, biz_charge, "describe", reference_index_std_id, mgmt_auth, edit_auth, subject_name, subject_intro, dev_co, subject_duty_person, contacts, contact_way, expect_renew_frequency) VALUES (249399840633543193, 'I2091', '库款流出金额', '库款流出金额', 'basis', 'Treasury Outflow Amount', 'Treasury Outflow Amount', '', '', '元', 3, 'float', '统计期内，各地区人行账户库款流出情况。', '取''贷方金额''的总和', '{}', '{}', 'effect_complete', -1, '库款流出数：一体化系统——总预算账套——1001国库存款科目的贷方累计数', '{"roles": [], "users": [], "groups": [], "organizations": []}', '{"roles": [], "users": [], "groups": [], "organizations": []}', '', '', 1, -1, -1, '0', -1, -1, -1, -1, 1533642897907507201, '2024-06-25 09:49:09.000000', 1533642897907507201, '2024-06-25 10:19:33.000000', '9999-12-31', -1, '系统建设', '', '-1', 'day', '1900-01-01', 249354828566778182, '0', '{"roles": [], "users": [], "groups": [], "organizations": []}', '', -1, null, null, null, null, null, null, null, null, null);
INSERT INTO ds_index_std (index_std_id, index_num, cn_name, cn_abbr, index_type, en_name, en_abbr, alias, data_format, measure_unit, index_class_cd, biz_datatype_cd, index_def, index_expression, ext_meta_module_json, belong_label_json, edit_status_cd, edit_user_id, biz_rule, tech_charge, mgmt_charge, secu_grade_cd, important_grade_cd, tenant_id, data_origin_sys_id, origin_table_id, if_delete, data_len, ext_meta_module_def_id, data_scale, belong_label_def_id, creator, create_tm, modifier, modify_tm, valid_period, assoc_std_id, index_origin, show_scale, datatype_cd, cal_cycle, adjust_dt, ds_category_id, switch_status_cd, biz_charge, "describe", reference_index_std_id, mgmt_auth, edit_auth, subject_name, subject_intro, dev_co, subject_duty_person, contacts, contact_way, expect_renew_frequency) VALUES (249400783815072282, 'I2093', '库款保障天数', '库款保障天数', 'basis', 'Days of Treasury Coverage', 'Days of Treasury Coverage', '', '', '天', 3, 'float', '', '库款保障天数=库款余额÷（库款流出金额÷年初至今的天数）', '{}', '{}', 'effect_complete', -1, '', '{"roles": [], "users": [], "groups": [], "organizations": []}', '{"roles": [], "users": [], "groups": [], "organizations": []}', '', '', 1, -1, -1, '0', -1, -1, -1, -1, 1533642897907507201, '2024-06-25 09:49:09.000000', 1533642897907507201, '2024-06-25 10:19:33.000000', '9999-12-31', -1, '系统建设', '', '-1', 'day', '1900-01-01', 249354828566778182, '0', '{"roles": [], "users": [], "groups": [], "organizations": []}', '', -1, null, null, null, null, null, null, null, null, null);
INSERT INTO ds_index_std (index_std_id, index_num, cn_name, cn_abbr, index_type, en_name, en_abbr, alias, data_format, measure_unit, index_class_cd, biz_datatype_cd, index_def, index_expression, ext_meta_module_json, belong_label_json, edit_status_cd, edit_user_id, biz_rule, tech_charge, mgmt_charge, secu_grade_cd, important_grade_cd, tenant_id, data_origin_sys_id, origin_table_id, if_delete, data_len, ext_meta_module_def_id, data_scale, belong_label_def_id, creator, create_tm, modifier, modify_tm, valid_period, assoc_std_id, index_origin, show_scale, datatype_cd, cal_cycle, adjust_dt, ds_category_id, switch_status_cd, biz_charge, "describe", reference_index_std_id, mgmt_auth, edit_auth, subject_name, subject_intro, dev_co, subject_duty_person, contacts, contact_way, expect_renew_frequency) VALUES (249400812109847067, 'I2107', '暂付款余额', '暂付款余额', 'basis', 'Temporary Payment Balance', 'Temporary Payment Balance', '', '', '元', 3, 'float', '', '取期末科目余额', '{}', '{}', 'effect_complete', -1, '1.暂付款：一体化系统——总预算账套——1031借出款项、1033预拨经费、1034在途款、1035其他应收款科目', '{"roles": [], "users": [], "groups": [], "organizations": []}', '{"roles": [], "users": [], "groups": [], "organizations": []}', '', '', 1, -1, -1, '0', -1, -1, -1, -1, 1533642897907507201, '2024-06-25 09:49:09.000000', 1533642897907507201, '2024-06-25 10:19:33.000000', '9999-12-31', -1, '系统建设', '', '-1', 'day', '1900-01-01', 249354828604526919, '0', '{"roles": [], "users": [], "groups": [], "organizations": []}', '', -1, null, null, null, null, null, null, null, null, null);
INSERT INTO ds_index_std (index_std_id, index_num, cn_name, cn_abbr, index_type, en_name, en_abbr, alias, data_format, measure_unit, index_class_cd, biz_datatype_cd, index_def, index_expression, ext_meta_module_json, belong_label_json, edit_status_cd, edit_user_id, biz_rule, tech_charge, mgmt_charge, secu_grade_cd, important_grade_cd, tenant_id, data_origin_sys_id, origin_table_id, if_delete, data_len, ext_meta_module_def_id, data_scale, belong_label_def_id, creator, create_tm, modifier, modify_tm, valid_period, assoc_std_id, index_origin, show_scale, datatype_cd, cal_cycle, adjust_dt, ds_category_id, switch_status_cd, biz_charge, "describe", reference_index_std_id, mgmt_auth, edit_auth, subject_name, subject_intro, dev_co, subject_duty_person, contacts, contact_way, expect_renew_frequency) VALUES (249401601427528221, 'I2116', '新增暂付款占比', '新增暂付款占比', 'derive', 'Proportion of Newly Added Temporary Payments', 'Proportion of Newly Added ', '', '', '百分比', 3, 'numerical', '本期期末新增暂付款余额占两本账（一般公共预算支出、政府性基金预算支出）的比例。', '新增暂付款占比=新增暂付款÷（一般公共预算支出执行金额+政府性基金预算支出执行金额）*100%', '{}', '{}', 'effect_complete', -1, '', '{"roles": [], "users": [], "groups": [], "organizations": []}', '{"roles": [], "users": [], "groups": [], "organizations": []}', '', '', 1, -1, -1, '0', -1, -1, -1, -1, 1533642897907507201, '2024-06-25 09:49:09.000000', 1533642897907507201, '2024-06-25 10:19:33.000000', '9999-12-31', -1, '系统建设', '', '-1', 'month', '1900-01-01', 249354828604526919, '0', '{"roles": [], "users": [], "groups": [], "organizations": []}', '', -1, null, null, null, null, null, null, null, null, null);
INSERT INTO ds_index_std (index_std_id, index_num, cn_name, cn_abbr, index_type, en_name, en_abbr, alias, data_format, measure_unit, index_class_cd, biz_datatype_cd, index_def, index_expression, ext_meta_module_json, belong_label_json, edit_status_cd, edit_user_id, biz_rule, tech_charge, mgmt_charge, secu_grade_cd, important_grade_cd, tenant_id, data_origin_sys_id, origin_table_id, if_delete, data_len, ext_meta_module_def_id, data_scale, belong_label_def_id, creator, create_tm, modifier, modify_tm, valid_period, assoc_std_id, index_origin, show_scale, datatype_cd, cal_cycle, adjust_dt, ds_category_id, switch_status_cd, biz_charge, "describe", reference_index_std_id, mgmt_auth, edit_auth, subject_name, subject_intro, dev_co, subject_duty_person, contacts, contact_way, expect_renew_frequency) VALUES (249408139290499615, 'I2017', '非税收金额', '非税收金额', 'basis', 'Non-tax Revenue Amount', 'Non-tax', '', '', '元', 3, 'float', '非税收收入情况。', '取''贷方金额''的总和', '{}', '{}', 'effect_complete', -1, '', '{"roles": [], "users": [], "groups": [], "organizations": []}', '{"roles": [], "users": [], "groups": [], "organizations": []}', '', '', 1, -1, -1, '0', -1, -1, -1, -1, 1533642897907507201, '2024-06-25 09:49:09.000000', 1533642897907507201, '2024-06-25 10:19:33.000000', '9999-12-31', -1, '系统建设', '', '-1', 'month', '1900-01-01', 249355868053721416, '0', '{"roles": [], "users": [], "groups": [], "organizations": []}', '', -1, null, null, null, null, null, null, null, null, null);
INSERT INTO ds_index_std (index_std_id, index_num, cn_name, cn_abbr, index_type, en_name, en_abbr, alias, data_format, measure_unit, index_class_cd, biz_datatype_cd, index_def, index_expression, ext_meta_module_json, belong_label_json, edit_status_cd, edit_user_id, biz_rule, tech_charge, mgmt_charge, secu_grade_cd, important_grade_cd, tenant_id, data_origin_sys_id, origin_table_id, if_delete, data_len, ext_meta_module_def_id, data_scale, belong_label_def_id, creator, create_tm, modifier, modify_tm, valid_period, assoc_std_id, index_origin, show_scale, datatype_cd, cal_cycle, adjust_dt, ds_category_id, switch_status_cd, biz_charge, "describe", reference_index_std_id, mgmt_auth, edit_auth, subject_name, subject_intro, dev_co, subject_duty_person, contacts, contact_way, expect_renew_frequency) VALUES (249408167925013024, 'I3001', '税收金额', '税收金额', 'basis', 'Tax Revenue Amount', 'Tax', '', '', '元', 3, 'numerical', '税收收入情况。', '取''贷方金额''的总和', '{}', '{}', 'effect_complete', -1, '税收收入：一体化系统——总预算账套——6001——101一税收收入科目', '{"roles": [], "users": [], "groups": [], "organizations": []}', '{"roles": [], "users": [], "groups": [], "organizations": []}', '', '', 1, -1, -1, '0', -1, -1, -1, -1, 1533642897907507201, '2024-06-25 09:49:09.000000', 1533642897907507201, '2024-06-25 10:19:33.000000', '9999-12-31', -1, '系统建设', '', '-1', 'month', '1900-01-01', 249355885082595657, '0', '{"roles": [], "users": [], "groups": [], "organizations": []}', '', -1, null, null, null, null, null, null, null, null, null);
INSERT INTO ds_index_std (index_std_id, index_num, cn_name, cn_abbr, index_type, en_name, en_abbr, alias, data_format, measure_unit, index_class_cd, biz_datatype_cd, index_def, index_expression, ext_meta_module_json, belong_label_json, edit_status_cd, edit_user_id, biz_rule, tech_charge, mgmt_charge, secu_grade_cd, important_grade_cd, tenant_id, data_origin_sys_id, origin_table_id, if_delete, data_len, ext_meta_module_def_id, data_scale, belong_label_def_id, creator, create_tm, modifier, modify_tm, valid_period, assoc_std_id, index_origin, show_scale, datatype_cd, cal_cycle, adjust_dt, ds_category_id, switch_status_cd, biz_charge, "describe", reference_index_std_id, mgmt_auth, edit_auth, subject_name, subject_intro, dev_co, subject_duty_person, contacts, contact_way, expect_renew_frequency) VALUES (771310200094330880, 'l1006', '财政供养人员数', '财政供养人员数', 'basis', 'Number of People Supported by Public Finance', 'Supported by Public Finance', '', '', '', 2, 'numerical', '取‘证件号码’去重汇总', '', '{}', '{}', 'effect_complete', -1, '一体化系统——人员基本信息表——证件号码', '{"roles": [], "users": [], "groups": [], "organizations": []}', '{"roles": [], "users": [], "groups": [], "organizations": []}', '', '', 1, -1, -1, '0', -1, -1, -1, -1, 1533642897907507201, '2024-06-25 09:51:21.000000', 1533642897907507201, '2024-06-27 14:48:03.000000', '1900-01-01', -1, '系统建设', '', '-1', 'year', '1900-01-01', 771309372956610560, '0', '{"roles": [], "users": [], "groups": [], "organizations": []}', '享受国家财政拨款补助的机关事业单位工作人员数。', -1, null, null, null, null, null, null, null, null, null);
INSERT INTO ds_index_std (index_std_id, index_num, cn_name, cn_abbr, index_type, en_name, en_abbr, alias, data_format, measure_unit, index_class_cd, biz_datatype_cd, index_def, index_expression, ext_meta_module_json, belong_label_json, edit_status_cd, edit_user_id, biz_rule, tech_charge, mgmt_charge, secu_grade_cd, important_grade_cd, tenant_id, data_origin_sys_id, origin_table_id, if_delete, data_len, ext_meta_module_def_id, data_scale, belong_label_def_id, creator, create_tm, modifier, modify_tm, valid_period, assoc_std_id, index_origin, show_scale, datatype_cd, cal_cycle, adjust_dt, ds_category_id, switch_status_cd, biz_charge, "describe", reference_index_std_id, mgmt_auth, edit_auth, subject_name, subject_intro, dev_co, subject_duty_person, contacts, contact_way, expect_renew_frequency) VALUES (249409672367331874, 'I7014', '税收收入增幅', '税收收入增幅', 'derive', 'Growth Rate of Tax Revenue', 'Growth Rate ', '', '', '百分比', 3, 'numerical', '', '税收收入增幅=（税收金额-去年同期税收金额）÷去年同期税收金额', '{}', '{}', 'effect_complete', -1, '', '{"roles": [], "users": [], "groups": [], "organizations": []}', '{"roles": [], "users": [], "groups": [], "organizations": []}', '', '', 1, -1, -1, '0', -1, -1, -1, -1, 1533642897907507201, '2024-06-25 09:49:09.000000', 1533642897907507201, '2024-06-25 10:19:33.000000', '9999-12-31', -1, '系统建设', '', '-1', 'month', '1900-01-01', 249355885082595657, '0', '{"roles": [], "users": [], "groups": [], "organizations": []}', '', -1, null, null, null, null, null, null, null, null, null);
INSERT INTO ds_index_std (index_std_id, index_num, cn_name, cn_abbr, index_type, en_name, en_abbr, alias, data_format, measure_unit, index_class_cd, biz_datatype_cd, index_def, index_expression, ext_meta_module_json, belong_label_json, edit_status_cd, edit_user_id, biz_rule, tech_charge, mgmt_charge, secu_grade_cd, important_grade_cd, tenant_id, data_origin_sys_id, origin_table_id, if_delete, data_len, ext_meta_module_def_id, data_scale, belong_label_def_id, creator, create_tm, modifier, modify_tm, valid_period, assoc_std_id, index_origin, show_scale, datatype_cd, cal_cycle, adjust_dt, ds_category_id, switch_status_cd, biz_charge, "describe", reference_index_std_id, mgmt_auth, edit_auth, subject_name, subject_intro, dev_co, subject_duty_person, contacts, contact_way, expect_renew_frequency) VALUES (249413196740319794, 'I2040', '“三保”支出金额', '“三保”支出金额', 'derive', 'Amount of "Three Guarantees" Expenditures', 'Expenditures', '', '', '元', 3, 'float', '“三保”支出年初批复或调整预算数。', '', '{}', '{}', 'effect_complete', -1, '限制条件：“三保”标识', '{"roles": [], "users": [], "groups": [], "organizations": []}', '{"roles": [], "users": [], "groups": [], "organizations": []}', '', '', 1, -1, -1, '0', -1, -1, -1, -1, 1533642897907507201, '2024-06-25 09:49:09.000000', 1533642897907507201, '2024-06-25 10:19:33.000000', '9999-12-31', -1, '系统建设', '', '-1', 'month', '1900-01-01', 249355900186284362, '0', '{"roles": [], "users": [], "groups": [], "organizations": []}', '', -1, null, null, null, null, null, null, null, null, null);
INSERT INTO ds_index_std (index_std_id, index_num, cn_name, cn_abbr, index_type, en_name, en_abbr, alias, data_format, measure_unit, index_class_cd, biz_datatype_cd, index_def, index_expression, ext_meta_module_json, belong_label_json, edit_status_cd, edit_user_id, biz_rule, tech_charge, mgmt_charge, secu_grade_cd, important_grade_cd, tenant_id, data_origin_sys_id, origin_table_id, if_delete, data_len, ext_meta_module_def_id, data_scale, belong_label_def_id, creator, create_tm, modifier, modify_tm, valid_period, assoc_std_id, index_origin, show_scale, datatype_cd, cal_cycle, adjust_dt, ds_category_id, switch_status_cd, biz_charge, "describe", reference_index_std_id, mgmt_auth, edit_auth, subject_name, subject_intro, dev_co, subject_duty_person, contacts, contact_way, expect_renew_frequency) VALUES (249414080341760564, 'I7006', '“三保”支出执行进度', '“三保”支出执行进度', 'derive', 'Execution Progress of "Three Guarantees" Expenditures', 'Execution Progress', '', '', '百分比', 3, 'numerical', '“三保”支出执行金额占“三保”支出年初或调整预算数的比例。', '“三保”支出执行进度=“三保”支出金额÷“三保”支出预算金额*100%', '{}', '{}', 'effect_complete', -1, '', '{"roles": [], "users": [], "groups": [], "organizations": []}', '{"roles": [], "users": [], "groups": [], "organizations": []}', '', '', 1, -1, -1, '0', -1, -1, -1, -1, 1533642897907507201, '2024-06-25 09:49:09.000000', 1533642897907507201, '2024-06-25 10:19:33.000000', '9999-12-31', -1, '系统建设', '', '-1', 'year', '1900-01-01', 249355900186284362, '0', '{"roles": [], "users": [], "groups": [], "organizations": []}', '', -1, null, null, null, null, null, null, null, null, null);
INSERT INTO ds_index_std (index_std_id, index_num, cn_name, cn_abbr, index_type, en_name, en_abbr, alias, data_format, measure_unit, index_class_cd, biz_datatype_cd, index_def, index_expression, ext_meta_module_json, belong_label_json, edit_status_cd, edit_user_id, biz_rule, tech_charge, mgmt_charge, secu_grade_cd, important_grade_cd, tenant_id, data_origin_sys_id, origin_table_id, if_delete, data_len, ext_meta_module_def_id, data_scale, belong_label_def_id, creator, create_tm, modifier, modify_tm, valid_period, assoc_std_id, index_origin, show_scale, datatype_cd, cal_cycle, adjust_dt, ds_category_id, switch_status_cd, biz_charge, "describe", reference_index_std_id, mgmt_auth, edit_auth, subject_name, subject_intro, dev_co, subject_duty_person, contacts, contact_way, expect_renew_frequency) VALUES (249417118813018680, 'I2051', '民生支出执行进度', '民生支出执行进度', 'derive', 'Execution Progress of Livelihood Expenditures', 'Execution Progress', '', '', '百分比', 3, 'numerical', '民生支出执行金额与民生支出预算金额的比例。', '民生支出执行进度=民生支出执行金额÷民生支出预算金额*100%', '{}', '{}', 'effect_complete', -1, '', '{"roles": [], "users": [], "groups": [], "organizations": []}', '{"roles": [], "users": [], "groups": [], "organizations": []}', '', '', 1, -1, -1, '0', -1, -1, -1, -1, 1533642897907507201, '2024-06-25 09:49:09.000000', 1533642897907507201, '2024-06-25 10:19:33.000000', '9999-12-31', -1, '系统建设', '', '-1', 'year', '1900-01-01', 249355900186284362, '0', '{"roles": [], "users": [], "groups": [], "organizations": []}', '', -1, null, null, null, null, null, null, null, null, null);
INSERT INTO ds_index_std (index_std_id, index_num, cn_name, cn_abbr, index_type, en_name, en_abbr, alias, data_format, measure_unit, index_class_cd, biz_datatype_cd, index_def, index_expression, ext_meta_module_json, belong_label_json, edit_status_cd, edit_user_id, biz_rule, tech_charge, mgmt_charge, secu_grade_cd, important_grade_cd, tenant_id, data_origin_sys_id, origin_table_id, if_delete, data_len, ext_meta_module_def_id, data_scale, belong_label_def_id, creator, create_tm, modifier, modify_tm, valid_period, assoc_std_id, index_origin, show_scale, datatype_cd, cal_cycle, adjust_dt, ds_category_id, switch_status_cd, biz_charge, "describe", reference_index_std_id, mgmt_auth, edit_auth, subject_name, subject_intro, dev_co, subject_duty_person, contacts, contact_way, expect_renew_frequency) VALUES (249417152266787385, 'I2053', '民生支出占一般公共预算支出比重', '民生支出占一般公共预算支出比重', 'derive', 'Proportion of Livelihood Expenditures in General Public Budget Expenditures', 'Proportion of Livelihood Expenditures', '', '', '百分比', 3, 'numerical', '民生支出占一般公共预算支出比重。', '民生支出占一般公共预算支出比重=民生支出金额÷一般公共预算支出执行金额*100%', '{}', '{}', 'effect_complete', -1, '', '{"roles": [], "users": [], "groups": [], "organizations": []}', '{"roles": [], "users": [], "groups": [], "organizations": []}', '', '', 1, -1, -1, '0', -1, -1, -1, -1, 1533642897907507201, '2024-06-25 09:49:09.000000', 1533642897907507201, '2024-06-25 10:19:33.000000', '9999-12-31', -1, '系统建设', '', '-1', 'year', '1900-01-01', 249355900186284362, '0', '{"roles": [], "users": [], "groups": [], "organizations": []}', '', -1, null, null, null, null, null, null, null, null, null);
INSERT INTO ds_index_std (index_std_id, index_num, cn_name, cn_abbr, index_type, en_name, en_abbr, alias, data_format, measure_unit, index_class_cd, biz_datatype_cd, index_def, index_expression, ext_meta_module_json, belong_label_json, edit_status_cd, edit_user_id, biz_rule, tech_charge, mgmt_charge, secu_grade_cd, important_grade_cd, tenant_id, data_origin_sys_id, origin_table_id, if_delete, data_len, ext_meta_module_def_id, data_scale, belong_label_def_id, creator, create_tm, modifier, modify_tm, valid_period, assoc_std_id, index_origin, show_scale, datatype_cd, cal_cycle, adjust_dt, ds_category_id, switch_status_cd, biz_charge, "describe", reference_index_std_id, mgmt_auth, edit_auth, subject_name, subject_intro, dev_co, subject_duty_person, contacts, contact_way, expect_renew_frequency) VALUES (249414818405046838, 'I2048', '民生支出金额', '民生支出金额', 'derive', 'Amount of Livelihood Expenditures', 'Execution Progress', '', '', '元', 3, 'float', '民生支出执行金额。', '', '{}', '{}', 'effect_complete', -1, '限制条件：“三保”标识', '{"roles": [], "users": [], "groups": [], "organizations": []}', '{"roles": [], "users": [], "groups": [], "organizations": []}', '', '', 1, -1, -1, '0', -1, -1, -1, -1, 1533642897907507201, '2024-06-25 09:49:09.000000', 1533642897907507201, '2024-06-25 10:19:33.000000', '9999-12-31', -1, '系统建设', '', '-1', 'month', '1900-01-01', 249355900186284362, '0', '{"roles": [], "users": [], "groups": [], "organizations": []}', '', -1, null, null, null, null, null, null, null, null, null);
INSERT INTO ds_index_std (index_std_id, index_num, cn_name, cn_abbr, index_type, en_name, en_abbr, alias, data_format, measure_unit, index_class_cd, biz_datatype_cd, index_def, index_expression, ext_meta_module_json, belong_label_json, edit_status_cd, edit_user_id, biz_rule, tech_charge, mgmt_charge, secu_grade_cd, important_grade_cd, tenant_id, data_origin_sys_id, origin_table_id, if_delete, data_len, ext_meta_module_def_id, data_scale, belong_label_def_id, creator, create_tm, modifier, modify_tm, valid_period, assoc_std_id, index_origin, show_scale, datatype_cd, cal_cycle, adjust_dt, ds_category_id, switch_status_cd, biz_charge, "describe", reference_index_std_id, mgmt_auth, edit_auth, subject_name, subject_intro, dev_co, subject_duty_person, contacts, contact_way, expect_renew_frequency) VALUES (249414787941816885, 'I7021', '“三保”支出占一般公共预算支出比重', '“三保”支出占一般公共预算支出比重', 'derive', 'Proportion of "Three Guarantees" Expenditures in General Public Budget Expenditures', 'Proportion of "Three Guarantees" Expenditures', '', '', '元', 3, 'float', '“三保”支出占一般公共预算支出比重。', '“三保”支出占一般公共预算支出比重=“三保”支出÷一般公共预算支出执行金额*100%', '{}', '{}', 'effect_complete', -1, '', '{"roles": [], "users": [], "groups": [], "organizations": []}', '{"roles": [], "users": [], "groups": [], "organizations": []}', '', '', 1, -1, -1, '0', -1, -1, -1, -1, 1533642897907507201, '2024-06-25 09:49:09.000000', 1533642897907507201, '2024-06-25 10:19:33.000000', '9999-12-31', -1, '系统建设', '', '-1', 'month', '1900-01-01', 249355900186284362, '0', '{"roles": [], "users": [], "groups": [], "organizations": []}', '', -1, null, null, null, null, null, null, null, null, null);
INSERT INTO ds_index_std (index_std_id, index_num, cn_name, cn_abbr, index_type, en_name, en_abbr, alias, data_format, measure_unit, index_class_cd, biz_datatype_cd, index_def, index_expression, ext_meta_module_json, belong_label_json, edit_status_cd, edit_user_id, biz_rule, tech_charge, mgmt_charge, secu_grade_cd, important_grade_cd, tenant_id, data_origin_sys_id, origin_table_id, if_delete, data_len, ext_meta_module_def_id, data_scale, belong_label_def_id, creator, create_tm, modifier, modify_tm, valid_period, assoc_std_id, index_origin, show_scale, datatype_cd, cal_cycle, adjust_dt, ds_category_id, switch_status_cd, biz_charge, "describe", reference_index_std_id, mgmt_auth, edit_auth, subject_name, subject_intro, dev_co, subject_duty_person, contacts, contact_way, expect_renew_frequency) VALUES (249416311896037943, 'I2050', '民生支出预算金额', '民生支出预算金额', 'derive', 'Budgeted Amount for Livelihood Expenditures', 'Livelihood Expenditures', '', '', '元', 3, 'float', '民生支出预算金额。', '', '{}', '{}', 'effect_complete', -1, '限制条件：“三保”标识', '{"roles": [], "users": [], "groups": [], "organizations": []}', '{"roles": [], "users": [], "groups": [], "organizations": []}', '', '', 1, -1, -1, '0', -1, -1, -1, -1, 1533642897907507201, '2024-06-25 09:49:09.000000', 1533642897907507201, '2024-06-25 10:19:33.000000', '9999-12-31', -1, '系统建设', '', '-1', 'year', '1900-01-01', 249355900186284362, '0', '{"roles": [], "users": [], "groups": [], "organizations": []}', '', -1, null, null, null, null, null, null, null, null, null);
INSERT INTO ds_index_std (index_std_id, index_num, cn_name, cn_abbr, index_type, en_name, en_abbr, alias, data_format, measure_unit, index_class_cd, biz_datatype_cd, index_def, index_expression, ext_meta_module_json, belong_label_json, edit_status_cd, edit_user_id, biz_rule, tech_charge, mgmt_charge, secu_grade_cd, important_grade_cd, tenant_id, data_origin_sys_id, origin_table_id, if_delete, data_len, ext_meta_module_def_id, data_scale, belong_label_def_id, creator, create_tm, modifier, modify_tm, valid_period, assoc_std_id, index_origin, show_scale, datatype_cd, cal_cycle, adjust_dt, ds_category_id, switch_status_cd, biz_charge, "describe", reference_index_std_id, mgmt_auth, edit_auth, subject_name, subject_intro, dev_co, subject_duty_person, contacts, contact_way, expect_renew_frequency) VALUES (249360087754232139, 'I2008', '财政自给率', '财政自给率', 'derive', 'Financial Self-Sufficiency Ratio', 'Self-Sufficiency Ratio', '', '', '百分比', 3, 'numerical', '反映本级财政自给能力。', '', '{}', '{}', 'effect_complete', -1, '财政自给率=一般公共预算收入执行金额÷一般公共预算支出执行金额*100%', '{"roles": [], "users": [], "groups": [], "organizations": []}', '{"roles": [], "users": [], "groups": [], "organizations": []}', '', '', 1, -1, -1, '0', -1, -1, -1, -1, 1533642897907507201, '2024-06-25 09:49:09.000000', 1533642897907507201, '2024-06-25 10:19:33.000000', '1900-01-01', -1, '政策文件', '', '-1', 'year', '1900-01-01', 249354747612516671, '0', '{"roles": [], "users": [], "groups": [], "organizations": []}', '', -1, null, null, null, null, null, null, null, null, null);
INSERT INTO ds_index_std (index_std_id, index_num, cn_name, cn_abbr, index_type, en_name, en_abbr, alias, data_format, measure_unit, index_class_cd, biz_datatype_cd, index_def, index_expression, ext_meta_module_json, belong_label_json, edit_status_cd, edit_user_id, biz_rule, tech_charge, mgmt_charge, secu_grade_cd, important_grade_cd, tenant_id, data_origin_sys_id, origin_table_id, if_delete, data_len, ext_meta_module_def_id, data_scale, belong_label_def_id, creator, create_tm, modifier, modify_tm, valid_period, assoc_std_id, index_origin, show_scale, datatype_cd, cal_cycle, adjust_dt, ds_category_id, switch_status_cd, biz_charge, "describe", reference_index_std_id, mgmt_auth, edit_auth, subject_name, subject_intro, dev_co, subject_duty_person, contacts, contact_way, expect_renew_frequency) VALUES (249428004252441157, 'I8018', '财政供养比', '财政供养比', 'derive', 'Fiscal Support Ratio', 'Ratio', '', '', '百分比', 3, 'numerical', '反映政府运行综合效率。', '财政供养比=财政供养人员数÷常住人口数', '{}', '{}', 'effect_complete', -1, '', '{"roles": [], "users": [], "groups": [], "organizations": []}', '{"roles": [], "users": [], "groups": [], "organizations": []}', '', '', 1, -1, -1, '0', -1, -1, -1, -1, 1533642897907507201, '2024-06-25 09:49:09.000000', 1533642897907507201, '2024-06-25 10:19:33.000000', '9999-12-31', -1, '政策文件', '', '-1', 'year', '1900-01-01', 771309372956610560, '0', '{"roles": [], "users": [], "groups": [], "organizations": []}', '', -1, null, null, null, null, null, null, null, null, null);
INSERT INTO ds_index_std (index_std_id, index_num, cn_name, cn_abbr, index_type, en_name, en_abbr, alias, data_format, measure_unit, index_class_cd, biz_datatype_cd, index_def, index_expression, ext_meta_module_json, belong_label_json, edit_status_cd, edit_user_id, biz_rule, tech_charge, mgmt_charge, secu_grade_cd, important_grade_cd, tenant_id, data_origin_sys_id, origin_table_id, if_delete, data_len, ext_meta_module_def_id, data_scale, belong_label_def_id, creator, create_tm, modifier, modify_tm, valid_period, assoc_std_id, index_origin, show_scale, datatype_cd, cal_cycle, adjust_dt, ds_category_id, switch_status_cd, biz_charge, "describe", reference_index_std_id, mgmt_auth, edit_auth, subject_name, subject_intro, dev_co, subject_duty_person, contacts, contact_way, expect_renew_frequency) VALUES (249428038717037126, 'I9024', '财政供养系数', '财政供养系数', 'derive', 'Fiscal Support Coefficient', 'Coefficient', '', '', '百分比', 3, 'numerical', '常住人口数占财政供养人员数的比例。', '财政供养系数=常住人口数÷财政供养人员数', '{}', '{}', 'effect_complete', -1, '', '{"roles": [], "users": [], "groups": [], "organizations": []}', '{"roles": [], "users": [], "groups": [], "organizations": []}', '', '', 1, -1, -1, '0', -1, -1, -1, -1, 1533642897907507201, '2024-06-25 09:49:09.000000', 1533642897907507201, '2024-06-25 10:19:33.000000', '9999-12-31', -1, '系统建设', '', '-1', 'year', '1900-01-01', 771309372956610560, '0', '{"roles": [], "users": [], "groups": [], "organizations": []}', '', -1, null, null, null, null, null, null, null, null, null);
INSERT INTO ds_index_std (index_std_id, index_num, cn_name, cn_abbr, index_type, en_name, en_abbr, alias, data_format, measure_unit, index_class_cd, biz_datatype_cd, index_def, index_expression, ext_meta_module_json, belong_label_json, edit_status_cd, edit_user_id, biz_rule, tech_charge, mgmt_charge, secu_grade_cd, important_grade_cd, tenant_id, data_origin_sys_id, origin_table_id, if_delete, data_len, ext_meta_module_def_id, data_scale, belong_label_def_id, creator, create_tm, modifier, modify_tm, valid_period, assoc_std_id, index_origin, show_scale, datatype_cd, cal_cycle, adjust_dt, ds_category_id, switch_status_cd, biz_charge, "describe", reference_index_std_id, mgmt_auth, edit_auth, subject_name, subject_intro, dev_co, subject_duty_person, contacts, contact_way, expect_renew_frequency) VALUES (771309645515067392, 'I1004', '常住人口数', '常住人口数', 'basis', 'Permanent Resident Population', 'Resident Population', '', '', '人', 3, 'numerical', '常住当地的人口总数。', '', '{}', '{}', 'effect_edit', 1533642897907507201, '一体化系统——财政区划扩展信息表——常住人口', '{"roles": [], "users": [], "groups": [], "organizations": []}', '{"roles": [], "users": [], "groups": [], "organizations": []}', '', '', 1, -1, -1, '0', -1, -1, -1, -1, 1533642897907507201, '2024-06-25 09:49:09.000000', 1533642897907507201, '2024-06-25 10:19:33.000000', '1900-01-01', -1, '系统建设', '', '-1', 'year', '1900-01-01', 771309372956610560, '0', '{"roles": [], "users": [], "groups": [], "organizations": []}', '', -1, null, null, null, null, null, null, null, null, null);
